"목록 버전","목록 성격","탐색 조건","ID","분류","검토 항목","관련 업종 예시","작업 조건","인원별 우선 검토 구간","적용 확인 조건","확인 질문","증빙 예시","조사 위치","공식 원문","확인한 출처 경로","출처 확인 범위","출처 확인일","검토 상태","검토자","검토일","검토 의견"
"2026-09-15.1","검토 후보 목록입니다. 법적 의무 전체 목록이나 사업장별 적용 판정이 아닙니다. 인원 선택만으로 항목을 제외하지 않습니다.","전체 목록","REVIEW-001","기본·관리체계","업종·사업장·실제 작업 분류","전 업종 공통 검토 후보","","미확인 · 0명","모든 후보 검토의 출발점. 등록 업태와 실제 활동, 사업/사업장 단위가 다를 수 있음.","주업·부업·현장 작업과 한국표준산업분류를 대조했는가?
본사·지점·현장이 독립된 사업장인지 확인했는가?","등록정보 확인표
공정·조직·현장 목록","법 제3조·시행령 적용범위 및 별표 조사","https://www.law.go.kr/법령/산업안전보건법
https://www.law.go.kr/법령/산업안전보건법시행령","https://law.go.kr/LSW/lsInfoP.do?ancYnChk=0&lsId=001766
https://www.law.go.kr/LSW/lsInfoP.do?lsiSeq=288347&efYd=20260801","산업안전보건법: 발췌 확인 · 교육·위험성평가·안전보건조치·고객응대 관련 검색 발췌 확인. 조문 전체·부칙·적용 예외 대조는 미완료.
산업안전보건법 시행령: 서지 확인 · 2026-08-01 시행본 서지 확인. 선임·교육 적용 제외·별표 전체는 본문 대조 대기.","산업안전보건법: 2026-09-15
산업안전보건법 시행령: 2026-09-15","적용 여부·전문 검토 대기","","",""
"2026-09-15.1","검토 후보 목록입니다. 법적 의무 전체 목록이나 사업장별 적용 판정이 아닙니다. 인원 선택만으로 항목을 제외하지 않습니다.","전체 목록","REVIEW-002","기본·관리체계","법령별 인원 산정과 고용관계","전 업종 공통 검토 후보","도급·혼재작업","미확인 · 0명 · 1~4명 · 5~9명","입력 인원은 법령별 상시근로자 수의 확정값이 아님.","직접고용·기간제·단시간·일용·파견·수급인·노무제공자를 구분했는가?
산정 기간·포함 범위·합산 단위와 기준일을 남겼는가?","개인정보를 최소화한 인원 산정표
고용·계약 관계표","각 의무별 정의·산정 단위 대조 필요","https://www.law.go.kr/법령/산업안전보건법시행령
https://www.law.go.kr/법령/중대재해처벌등에관한법률
https://www.law.go.kr/법령/산업안전보건법시행령/제96조의2","https://www.law.go.kr/LSW/lsInfoP.do?lsiSeq=288347&efYd=20260801
https://moel.go.kr/news/enews/explain/enewsView.do?news_seq=16128
https://www.kosha.or.kr/ebook/fcatalog/access/ecatalogt.jsp?Dir=528&callmode=normal&catimage=&eclang=ko&start=20&um=s","산업안전보건법 시행령: 서지 확인 · 2026-08-01 시행본 서지 확인. 선임·교육 적용 제외·별표 전체는 본문 대조 대기.
중대재해 처벌 등에 관한 법률: 발췌 확인 · 고용노동부의 5~50명 미만 확대 적용 설명 확인. 법령별 산정·책임·중대시민재해와 시행령 대조 대기.
휴게시설 설치·관리 기준 안내: 발췌 확인 · 공단 자료의 인원·특정 직종·관계수급인 포함 안내 발췌 확인. 설치 의무와 제재 대상의 구별 및 현행 원문 대조 대기.","산업안전보건법 시행령: 2026-09-15
중대재해 처벌 등에 관한 법률: 2026-09-15
휴게시설 설치·관리 기준 안내: 2026-09-15","적용 여부·전문 검토 대기","","",""
"2026-09-15.1","검토 후보 목록입니다. 법적 의무 전체 목록이나 사업장별 적용 판정이 아닙니다. 인원 선택만으로 항목을 제외하지 않습니다.","전체 목록","REVIEW-003","기본·관리체계","위험성평가와 개선 추적","전 업종 공통 검토 후보","","인원만으로 제외하지 않음","실제 작업 위험과 적용범위·평가 방법을 확인.","작업자 의견과 사고·변경 사항에서 위험을 찾았는가?
개선 담당·기한·결과를 연결하고 작업자에게 알렸는가?","위험성평가 기록
개선 전후 증빙","법 제36조·위험성평가 지침 조사","https://www.law.go.kr/법령/산업안전보건법
https://www.law.go.kr/행정규칙/사업장위험성평가에관한지침","https://law.go.kr/LSW/lsInfoP.do?ancYnChk=0&lsId=001766
https://www.law.go.kr/LSW/admRulInfoP.do?admRulSeq=2100000251014&chrClsCd=010202&lsId=2052906","산업안전보건법: 발췌 확인 · 교육·위험성평가·안전보건조치·고객응대 관련 검색 발췌 확인. 조문 전체·부칙·적용 예외 대조는 미완료.
사업장 위험성평가에 관한 지침: 발췌 확인 · 평가 방법·기록 관련 발췌 확인. 현행 시행본·최초/정기/수시/상시평가 조건 대조 대기.","산업안전보건법: 2026-09-15
사업장 위험성평가에 관한 지침: 2026-09-15","적용 여부·전문 검토 대기","","",""
"2026-09-15.1","검토 후보 목록입니다. 법적 의무 전체 목록이나 사업장별 적용 판정이 아닙니다. 인원 선택만으로 항목을 제외하지 않습니다.","전체 목록","REVIEW-004","기본·관리체계","중대산업재해 안전보건관리체계","전 업종 공통 검토 후보","도급·혼재작업","1~4명 · 5~9명 · 10~19명 · 20~49명 · 50~99명 · 100~299명 · 300~499명 · 500명 이상","상시근로자 산정·사업 단위·경영책임자·실질적 지배 관계 확인. 중대시민재해는 별도.","목표·인력·예산·위험 개선 절차의 실제 운영을 확인했는가?
종사자 의견·도급 평가·비상 대응·이행점검을 연결했는가?","관리체계 운영 기록
예산 집행·이행점검 자료","법 제3~5조 및 시행령 의무별 조사","https://www.law.go.kr/법령/중대재해처벌등에관한법률","https://moel.go.kr/news/enews/explain/enewsView.do?news_seq=16128","중대재해 처벌 등에 관한 법률: 발췌 확인 · 고용노동부의 5~50명 미만 확대 적용 설명 확인. 법령별 산정·책임·중대시민재해와 시행령 대조 대기.","중대재해 처벌 등에 관한 법률: 2026-09-15","적용 여부·전문 검토 대기","","",""
"2026-09-15.1","검토 후보 목록입니다. 법적 의무 전체 목록이나 사업장별 적용 판정이 아닙니다. 인원 선택만으로 항목을 제외하지 않습니다.","전체 목록","REVIEW-005","기본·관리체계","안전보건관리규정","전 업종 공통 검토 후보","","50~99명 · 100~299명 · 300~499명 · 500명 이상","사업 종류·인원별 작성 대상과 적용 제외를 별도로 대조.","작성 대상과 포함할 내용을 확인했는가?
근로자 참여·심의 또는 동의 절차와 변경 이력이 있는가?","관리규정 버전
제정·변경 절차 기록","법 제25~28조·시행규칙 관련 별표 조사","https://www.law.go.kr/법령/산업안전보건법
https://www.law.go.kr/법령/산업안전보건법시행규칙","https://law.go.kr/LSW/lsInfoP.do?ancYnChk=0&lsId=001766
https://www.law.go.kr/LSW/lsInfoP.do?lsiSeq=288431&efYd=20260801","산업안전보건법: 발췌 확인 · 교육·위험성평가·안전보건조치·고객응대 관련 검색 발췌 확인. 조문 전체·부칙·적용 예외 대조는 미완료.
산업안전보건법 시행규칙: 서지 확인 · 2026-08-01 시행본 서지 확인. 별표 4·5의 현행 교육시간·내용과 예외는 대조 대기.","산업안전보건법: 2026-09-15
산업안전보건법 시행규칙: 2026-09-15","적용 여부·전문 검토 대기","","",""
"2026-09-15.1","검토 후보 목록입니다. 법적 의무 전체 목록이나 사업장별 적용 판정이 아닙니다. 인원 선택만으로 항목을 제외하지 않습니다.","전체 목록","REVIEW-006","기본·관리체계","대표이사 안전보건계획·이사회 보고","전 업종 공통 검토 후보","","500명 이상","회사 형태·회사 전체 인원·건설회사 별도 조건을 확인. 사업장 인원만으로 판단하지 않음.","보고·승인 대상 회사인지 확인했는가?
실제 예산·인력·시설 계획과 승인·이행 기록이 있는가?","안전보건계획
이사회 의사록·이행 기록","법 제14조·시행령 제13조 조사","https://www.law.go.kr/법령/산업안전보건법/제14조
https://www.law.go.kr/법령/산업안전보건법시행령","https://www.law.go.kr/LSW/cgmExpcInfoP.do?cgmExpcDatSeq=30216&mode=2&ofiClsCd=350101
https://www.law.go.kr/LSW/lsInfoP.do?lsiSeq=288347&efYd=20260801","이사회 보고 대상·회사 단위 해석: 발췌 확인 · 고용노동부 1차 해석의 주식회사·회사 전체 인원 구별 확인. 개별 회사 적용과 현행 시행령 요건은 재검토 필요.
산업안전보건법 시행령: 서지 확인 · 2026-08-01 시행본 서지 확인. 선임·교육 적용 제외·별표 전체는 본문 대조 대기.","이사회 보고 대상·회사 단위 해석: 2026-09-15
산업안전보건법 시행령: 2026-09-15","적용 여부·전문 검토 대기","","",""
"2026-09-15.1","검토 후보 목록입니다. 법적 의무 전체 목록이나 사업장별 적용 판정이 아닙니다. 인원 선택만으로 항목을 제외하지 않습니다.","전체 목록","REVIEW-007","기본·관리체계","법령 게시·안전보건표지·변경관리","전 업종 공통 검토 후보","","인원만으로 제외하지 않음","현장 언어·위험·적용 법령과 변경 시점을 확인.","작업자가 필요한 내용과 표지를 이해할 수 있는가?
설비·물질·도급·인원 변경 시 검토 항목을 갱신하는가?","게시·표지 확인 사진
변경 검토 기록","법령 요지 게시·표지 관련 조문 및 적용범위 대조 대기","https://www.law.go.kr/법령/산업안전보건법
https://www.law.go.kr/법령/산업안전보건법시행규칙","https://law.go.kr/LSW/lsInfoP.do?ancYnChk=0&lsId=001766
https://www.law.go.kr/LSW/lsInfoP.do?lsiSeq=288431&efYd=20260801","산업안전보건법: 발췌 확인 · 교육·위험성평가·안전보건조치·고객응대 관련 검색 발췌 확인. 조문 전체·부칙·적용 예외 대조는 미완료.
산업안전보건법 시행규칙: 서지 확인 · 2026-08-01 시행본 서지 확인. 별표 4·5의 현행 교육시간·내용과 예외는 대조 대기.","산업안전보건법: 2026-09-15
산업안전보건법 시행규칙: 2026-09-15","적용 여부·전문 검토 대기","","",""
"2026-09-15.1","검토 후보 목록입니다. 법적 의무 전체 목록이나 사업장별 적용 판정이 아닙니다. 인원 선택만으로 항목을 제외하지 않습니다.","전체 목록","REVIEW-008","선임·조직","안전보건관리책임자","전 업종 공통 검토 후보","","50~99명 · 100~299명 · 300~499명 · 500명 이상","업종·사업장 규모 또는 공사 기준·실질 총괄권한 확인.","관련 대상 표와 실제 총괄 책임자를 대조했는가?
선임 사실·직무·권한·교육 이력을 확인했는가?","선임·직무 문서
교육 이력","법 제15조·시행령 대상 사업 별표 조사","https://www.law.go.kr/법령/산업안전보건법
https://www.law.go.kr/법령/산업안전보건법시행령","https://law.go.kr/LSW/lsInfoP.do?ancYnChk=0&lsId=001766
https://www.law.go.kr/LSW/lsInfoP.do?lsiSeq=288347&efYd=20260801","산업안전보건법: 발췌 확인 · 교육·위험성평가·안전보건조치·고객응대 관련 검색 발췌 확인. 조문 전체·부칙·적용 예외 대조는 미완료.
산업안전보건법 시행령: 서지 확인 · 2026-08-01 시행본 서지 확인. 선임·교육 적용 제외·별표 전체는 본문 대조 대기.","산업안전보건법: 2026-09-15
산업안전보건법 시행령: 2026-09-15","적용 여부·전문 검토 대기","","",""
"2026-09-15.1","검토 후보 목록입니다. 법적 의무 전체 목록이나 사업장별 적용 판정이 아닙니다. 인원 선택만으로 항목을 제외하지 않습니다.","전체 목록","REVIEW-009","선임·조직","관리감독자 지정·현장 업무","전 업종 공통 검토 후보","","인원만으로 제외하지 않음","직책명보다 작업을 직접 지휘·감독하는 실제 역할 및 적용 제외 확인.","작업별 지휘·감독자를 확인했는가?
작업 전 확인·문제 보고·교육의 실제 기록이 있는가?","역할 배정표
업무·교육 기록","법 제16조·시행령 업무 범위 조사","https://www.law.go.kr/법령/산업안전보건법
https://www.law.go.kr/법령/산업안전보건법시행령","https://law.go.kr/LSW/lsInfoP.do?ancYnChk=0&lsId=001766
https://www.law.go.kr/LSW/lsInfoP.do?lsiSeq=288347&efYd=20260801","산업안전보건법: 발췌 확인 · 교육·위험성평가·안전보건조치·고객응대 관련 검색 발췌 확인. 조문 전체·부칙·적용 예외 대조는 미완료.
산업안전보건법 시행령: 서지 확인 · 2026-08-01 시행본 서지 확인. 선임·교육 적용 제외·별표 전체는 본문 대조 대기.","산업안전보건법: 2026-09-15
산업안전보건법 시행령: 2026-09-15","적용 여부·전문 검토 대기","","",""
"2026-09-15.1","검토 후보 목록입니다. 법적 의무 전체 목록이나 사업장별 적용 판정이 아닙니다. 인원 선택만으로 항목을 제외하지 않습니다.","전체 목록","REVIEW-010","선임·조직","안전관리자 선임·자격·전담","전 업종 공통 검토 후보","","50~99명 · 100~299명 · 300~499명 · 500명 이상","업종별 인원·공사금액·선임 수·자격·전담·위탁 조건을 각각 확인.","대상 표·자격·필요 인원을 대조했는가?
전담·위탁·선임 보고와 업무 수행 근거가 있는가?","선임·자격·위탁 자료
업무·보고 기록","법 제17조·시행령 안전관리자 관련 별표 조사","https://www.law.go.kr/법령/산업안전보건법
https://www.law.go.kr/법령/산업안전보건법시행령","https://law.go.kr/LSW/lsInfoP.do?ancYnChk=0&lsId=001766
https://www.law.go.kr/LSW/lsInfoP.do?lsiSeq=288347&efYd=20260801","산업안전보건법: 발췌 확인 · 교육·위험성평가·안전보건조치·고객응대 관련 검색 발췌 확인. 조문 전체·부칙·적용 예외 대조는 미완료.
산업안전보건법 시행령: 서지 확인 · 2026-08-01 시행본 서지 확인. 선임·교육 적용 제외·별표 전체는 본문 대조 대기.","산업안전보건법: 2026-09-15
산업안전보건법 시행령: 2026-09-15","적용 여부·전문 검토 대기","","",""
"2026-09-15.1","검토 후보 목록입니다. 법적 의무 전체 목록이나 사업장별 적용 판정이 아닙니다. 인원 선택만으로 항목을 제외하지 않습니다.","전체 목록","REVIEW-011","선임·조직","보건관리자·산업보건의","전 업종 공통 검토 후보","","50~99명 · 100~299명 · 300~499명 · 500명 이상","각 역할의 업종·인원·자격·예외·위탁 조건을 구분.","보건관리자와 산업보건의의 대상 조건을 각각 확인했는가?
건강자료 접근 범위와 실제 보건 업무를 확인했는가?","선임·위탁 자료
개인정보를 제외한 보건활동 기록","법 제18조·제22조 및 시행령 관련 조항 조사","https://www.law.go.kr/법령/산업안전보건법
https://www.law.go.kr/법령/산업안전보건법시행령","https://law.go.kr/LSW/lsInfoP.do?ancYnChk=0&lsId=001766
https://www.law.go.kr/LSW/lsInfoP.do?lsiSeq=288347&efYd=20260801","산업안전보건법: 발췌 확인 · 교육·위험성평가·안전보건조치·고객응대 관련 검색 발췌 확인. 조문 전체·부칙·적용 예외 대조는 미완료.
산업안전보건법 시행령: 서지 확인 · 2026-08-01 시행본 서지 확인. 선임·교육 적용 제외·별표 전체는 본문 대조 대기.","산업안전보건법: 2026-09-15
산업안전보건법 시행령: 2026-09-15","적용 여부·전문 검토 대기","","",""
"2026-09-15.1","검토 후보 목록입니다. 법적 의무 전체 목록이나 사업장별 적용 판정이 아닙니다. 인원 선택만으로 항목을 제외하지 않습니다.","전체 목록","REVIEW-012","선임·조직","안전보건관리담당자","제조·가공 · 농업·임업·어업 · 수도·하수·폐기물·재생","","20~49명","20~50명 미만 구간과 제조업·임업·열거 환경업의 실제 해당 여부를 현행 원문으로 대조.","열거 업종과 사업장 단위 인원을 확인했는가?
자격·교육·선임과 실제 업무 증빙이 있는가?","선임·교육 자료
업무 수행 기록","시행령 제24~26조·현행본 대조 대기","https://www.law.go.kr/법령/산업안전보건법시행령/제24조
https://www.law.go.kr/법령/산업안전보건법시행령","https://www.law.go.kr/lsLinkCommonInfo.do?lspttninfSeq=75384&chrClsCd=010202
https://www.law.go.kr/LSW/lsInfoP.do?lsiSeq=288347&efYd=20260801","안전보건관리담당자 선임·업무 조사: 발췌 확인 · 2026-03-24 시행본 제24조의 20~50명 미만 및 열거 업종 발췌 확인. 2026-08-01 시행본과 최종 대조 대기.
산업안전보건법 시행령: 서지 확인 · 2026-08-01 시행본 서지 확인. 선임·교육 적용 제외·별표 전체는 본문 대조 대기.","안전보건관리담당자 선임·업무 조사: 2026-09-15
산업안전보건법 시행령: 2026-09-15","적용 여부·전문 검토 대기","","",""
"2026-09-15.1","검토 후보 목록입니다. 법적 의무 전체 목록이나 사업장별 적용 판정이 아닙니다. 인원 선택만으로 항목을 제외하지 않습니다.","전체 목록","REVIEW-013","선임·조직","산업안전보건위원회","전 업종 공통 검토 후보","","50~99명 · 100~299명 · 300~499명 · 500명 이상","업종·규모·공사별 대상 및 노사 구성 조건 확인.","사업장별 설치 대상과 노사 위원을 확인했는가?
안건·회의·의결·이행 결과가 연결되어 있는가?","위원 구성 자료
회의록·이행 기록","법 제24조·시행령 위원회 대상 별표 조사","https://www.law.go.kr/법령/산업안전보건법
https://www.law.go.kr/법령/산업안전보건법시행령","https://law.go.kr/LSW/lsInfoP.do?ancYnChk=0&lsId=001766
https://www.law.go.kr/LSW/lsInfoP.do?lsiSeq=288347&efYd=20260801","산업안전보건법: 발췌 확인 · 교육·위험성평가·안전보건조치·고객응대 관련 검색 발췌 확인. 조문 전체·부칙·적용 예외 대조는 미완료.
산업안전보건법 시행령: 서지 확인 · 2026-08-01 시행본 서지 확인. 선임·교육 적용 제외·별표 전체는 본문 대조 대기.","산업안전보건법: 2026-09-15
산업안전보건법 시행령: 2026-09-15","적용 여부·전문 검토 대기","","",""
"2026-09-15.1","검토 후보 목록입니다. 법적 의무 전체 목록이나 사업장별 적용 판정이 아닙니다. 인원 선택만으로 항목을 제외하지 않습니다.","전체 목록","REVIEW-014","선임·조직","안전보건 전담조직·권한·인력","전 업종 공통 검토 후보","도급·혼재작업","500명 이상","중대재해처벌법 시행령의 사업 단위·기존 선임 인력·규모·건설회사 조건 확인.","전담조직 설치 요건을 개별 안전관리자 전담 요건과 구분했는가?
조직의 실제 인력·권한·업무·예산이 확인되는가?","조직도·업무분장
권한·예산 근거","중대재해처벌법 시행령의 전담조직 요건 조사 대기","https://www.law.go.kr/법령/중대재해처벌등에관한법률","https://moel.go.kr/news/enews/explain/enewsView.do?news_seq=16128","중대재해 처벌 등에 관한 법률: 발췌 확인 · 고용노동부의 5~50명 미만 확대 적용 설명 확인. 법령별 산정·책임·중대시민재해와 시행령 대조 대기.","중대재해 처벌 등에 관한 법률: 2026-09-15","적용 여부·전문 검토 대기","","",""
"2026-09-15.1","검토 후보 목록입니다. 법적 의무 전체 목록이나 사업장별 적용 판정이 아닙니다. 인원 선택만으로 항목을 제외하지 않습니다.","전체 목록","REVIEW-015","교육·훈련","근로자 정기 안전보건교육","전 업종 공통 검토 후보","","1~4명 · 5~9명","업종·적용 제외·사무직/판매직/그 외 직무·교육 특례 확인.","교육 대상자와 직무별 과정·시간·주기를 현행 별표에서 확인했는가?
실제 실시·참석·내용·강사 요건을 증빙하는가?","대상·교육계획
실시·참석·교재 기록","법 제29조·시행규칙 별표 4·5와 제외·특례 조사. 시간 미확정.","https://www.law.go.kr/법령/산업안전보건법
https://www.law.go.kr/법령/산업안전보건법시행령
https://www.law.go.kr/법령/산업안전보건법시행규칙","https://law.go.kr/LSW/lsInfoP.do?ancYnChk=0&lsId=001766
https://www.law.go.kr/LSW/lsInfoP.do?lsiSeq=288347&efYd=20260801
https://www.law.go.kr/LSW/lsInfoP.do?lsiSeq=288431&efYd=20260801","산업안전보건법: 발췌 확인 · 교육·위험성평가·안전보건조치·고객응대 관련 검색 발췌 확인. 조문 전체·부칙·적용 예외 대조는 미완료.
산업안전보건법 시행령: 서지 확인 · 2026-08-01 시행본 서지 확인. 선임·교육 적용 제외·별표 전체는 본문 대조 대기.
산업안전보건법 시행규칙: 서지 확인 · 2026-08-01 시행본 서지 확인. 별표 4·5의 현행 교육시간·내용과 예외는 대조 대기.","산업안전보건법: 2026-09-15
산업안전보건법 시행령: 2026-09-15
산업안전보건법 시행규칙: 2026-09-15","적용 여부·전문 검토 대기","","",""
"2026-09-15.1","검토 후보 목록입니다. 법적 의무 전체 목록이나 사업장별 적용 판정이 아닙니다. 인원 선택만으로 항목을 제외하지 않습니다.","전체 목록","REVIEW-016","교육·훈련","채용 시·작업내용 변경 시 교육","전 업종 공통 검토 후보","","인원만으로 제외하지 않음","고용형태·근로계약기간·작업 변경·교육 면제 및 대체 인정 조건 확인.","신규 배치와 변경 작업자를 빠뜨리지 않았는가?
해당 작업의 교육을 실제 실시했는가?","채용·배치변경 기록
과정·참석 증빙","법 제29조·시행규칙 별표 4·5 조사. 시간·면제 확정 전.","https://www.law.go.kr/법령/산업안전보건법
https://www.law.go.kr/법령/산업안전보건법시행규칙","https://law.go.kr/LSW/lsInfoP.do?ancYnChk=0&lsId=001766
https://www.law.go.kr/LSW/lsInfoP.do?lsiSeq=288431&efYd=20260801","산업안전보건법: 발췌 확인 · 교육·위험성평가·안전보건조치·고객응대 관련 검색 발췌 확인. 조문 전체·부칙·적용 예외 대조는 미완료.
산업안전보건법 시행규칙: 서지 확인 · 2026-08-01 시행본 서지 확인. 별표 4·5의 현행 교육시간·내용과 예외는 대조 대기.","산업안전보건법: 2026-09-15
산업안전보건법 시행규칙: 2026-09-15","적용 여부·전문 검토 대기","","",""
"2026-09-15.1","검토 후보 목록입니다. 법적 의무 전체 목록이나 사업장별 적용 판정이 아닙니다. 인원 선택만으로 항목을 제외하지 않습니다.","전체 목록","REVIEW-017","교육·훈련","유해·위험작업 특별교육","전 업종 공통 검토 후보","고소·추락 · 밀폐공간 · 기계·정비 · 차량·하역 · 화학물질 · 전기 · 화기·가스","인원만으로 제외하지 않음","실제 작업이 특별교육 대상 작업에 해당하는지 확인. 업종명·장비명만으로 확정하지 않음.","작업별 대상표와 단기·간헐 작업 등의 특례를 확인했는가?
정기·채용교육과 별도 요건 또는 대체 조건을 대조했는가?","대상 작업·작업자 목록
실시내용·시간·참석 기록","법 제29조제3항·시행규칙 별표 4·5 조사. 대상별 시간 미확정.","https://www.law.go.kr/법령/산업안전보건법
https://www.law.go.kr/법령/산업안전보건법시행규칙","https://law.go.kr/LSW/lsInfoP.do?ancYnChk=0&lsId=001766
https://www.law.go.kr/LSW/lsInfoP.do?lsiSeq=288431&efYd=20260801","산업안전보건법: 발췌 확인 · 교육·위험성평가·안전보건조치·고객응대 관련 검색 발췌 확인. 조문 전체·부칙·적용 예외 대조는 미완료.
산업안전보건법 시행규칙: 서지 확인 · 2026-08-01 시행본 서지 확인. 별표 4·5의 현행 교육시간·내용과 예외는 대조 대기.","산업안전보건법: 2026-09-15
산업안전보건법 시행규칙: 2026-09-15","적용 여부·전문 검토 대기","","",""
"2026-09-15.1","검토 후보 목록입니다. 법적 의무 전체 목록이나 사업장별 적용 판정이 아닙니다. 인원 선택만으로 항목을 제외하지 않습니다.","전체 목록","REVIEW-018","교육·훈련","관리감독자 교육","전 업종 공통 검토 후보","","인원만으로 제외하지 않음","실제 지휘·감독 역할·적용 제외·교육 방법·감면 조건 확인.","대상 관리감독자와 교육과정·주기를 확인했는가?
실제 이수와 교육 방법별 인정 범위가 확인되는가?","대상자 목록
이수·교육내용 증빙","법 제29조 및 시행규칙 교육 별표·특례 조사","https://www.law.go.kr/법령/산업안전보건법
https://www.law.go.kr/법령/산업안전보건법시행규칙","https://law.go.kr/LSW/lsInfoP.do?ancYnChk=0&lsId=001766
https://www.law.go.kr/LSW/lsInfoP.do?lsiSeq=288431&efYd=20260801","산업안전보건법: 발췌 확인 · 교육·위험성평가·안전보건조치·고객응대 관련 검색 발췌 확인. 조문 전체·부칙·적용 예외 대조는 미완료.
산업안전보건법 시행규칙: 서지 확인 · 2026-08-01 시행본 서지 확인. 별표 4·5의 현행 교육시간·내용과 예외는 대조 대기.","산업안전보건법: 2026-09-15
산업안전보건법 시행규칙: 2026-09-15","적용 여부·전문 검토 대기","","",""
"2026-09-15.1","검토 후보 목록입니다. 법적 의무 전체 목록이나 사업장별 적용 판정이 아닙니다. 인원 선택만으로 항목을 제외하지 않습니다.","전체 목록","REVIEW-019","교육·훈련","안전보건 관계자 직무교육","전 업종 공통 검토 후보","","20~49명 · 50~99명 · 100~299명 · 300~499명 · 500명 이상","관리책임자·안전/보건관리자·담당자 등 직무별 신규·보수·면제 구분.","역할별 교육 대상과 선임·변경 시점을 확인했는가?
교육기관·이수·다음 교육 기준을 대조했는가?","선임 이력
직무교육 이수자료","법 제32조 및 관련 직무교육 규정 조사","https://www.law.go.kr/법령/산업안전보건법
https://www.law.go.kr/법령/산업안전보건법시행규칙","https://law.go.kr/LSW/lsInfoP.do?ancYnChk=0&lsId=001766
https://www.law.go.kr/LSW/lsInfoP.do?lsiSeq=288431&efYd=20260801","산업안전보건법: 발췌 확인 · 교육·위험성평가·안전보건조치·고객응대 관련 검색 발췌 확인. 조문 전체·부칙·적용 예외 대조는 미완료.
산업안전보건법 시행규칙: 서지 확인 · 2026-08-01 시행본 서지 확인. 별표 4·5의 현행 교육시간·내용과 예외는 대조 대기.","산업안전보건법: 2026-09-15
산업안전보건법 시행규칙: 2026-09-15","적용 여부·전문 검토 대기","","",""
"2026-09-15.1","검토 후보 목록입니다. 법적 의무 전체 목록이나 사업장별 적용 판정이 아닙니다. 인원 선택만으로 항목을 제외하지 않습니다.","전체 목록","REVIEW-020","교육·훈련","건설업 기초안전보건교육","건설·철거·설치","도급·혼재작업","인원만으로 제외하지 않음","건설 일용근로자 해당 여부·기이수 확인·다른 교육과의 관계 조사.","투입 전 대상·이수 사실을 확인했는가?
특별교육·현장 위험 안내를 기초교육으로 모두 대체하지 않았는가?","대상·이수 확인자료
현장 위험 안내 기록","법 제31조·시행규칙 관련 교육표 조사","https://www.law.go.kr/법령/산업안전보건법
https://www.law.go.kr/법령/산업안전보건법시행규칙","https://law.go.kr/LSW/lsInfoP.do?ancYnChk=0&lsId=001766
https://www.law.go.kr/LSW/lsInfoP.do?lsiSeq=288431&efYd=20260801","산업안전보건법: 발췌 확인 · 교육·위험성평가·안전보건조치·고객응대 관련 검색 발췌 확인. 조문 전체·부칙·적용 예외 대조는 미완료.
산업안전보건법 시행규칙: 서지 확인 · 2026-08-01 시행본 서지 확인. 별표 4·5의 현행 교육시간·내용과 예외는 대조 대기.","산업안전보건법: 2026-09-15
산업안전보건법 시행규칙: 2026-09-15","적용 여부·전문 검토 대기","","",""
"2026-09-15.1","검토 후보 목록입니다. 법적 의무 전체 목록이나 사업장별 적용 판정이 아닙니다. 인원 선택만으로 항목을 제외하지 않습니다.","전체 목록","REVIEW-021","교육·훈련","물질안전보건자료(MSDS) 교육","전 업종 공통 검토 후보","화학물질","인원만으로 제외하지 않음","대상 물질·취급자·신규 물질·작업 변경 등 교육 사유 확인.","현장 물질과 최신 자료를 연결했는가?
노출·보호·응급 대응에 필요한 내용을 실제 교육했는가?","물질·자료 목록
교육 실시 기록","MSDS 교육 조항·교육내용 원문 매핑 대기","https://www.law.go.kr/법령/산업안전보건법
https://www.law.go.kr/법령/산업안전보건법시행규칙","https://law.go.kr/LSW/lsInfoP.do?ancYnChk=0&lsId=001766
https://www.law.go.kr/LSW/lsInfoP.do?lsiSeq=288431&efYd=20260801","산업안전보건법: 발췌 확인 · 교육·위험성평가·안전보건조치·고객응대 관련 검색 발췌 확인. 조문 전체·부칙·적용 예외 대조는 미완료.
산업안전보건법 시행규칙: 서지 확인 · 2026-08-01 시행본 서지 확인. 별표 4·5의 현행 교육시간·내용과 예외는 대조 대기.","산업안전보건법: 2026-09-15
산업안전보건법 시행규칙: 2026-09-15","적용 여부·전문 검토 대기","","",""
"2026-09-15.1","검토 후보 목록입니다. 법적 의무 전체 목록이나 사업장별 적용 판정이 아닙니다. 인원 선택만으로 항목을 제외하지 않습니다.","전체 목록","REVIEW-022","교육·훈련","소방안전관리자 교육·훈련","전 업종 공통 검토 후보","화기·가스 · 이용자·공중시설","인원만으로 제외하지 않음","소방안전관리 대상물·관리자 자격·교육 종류와 소방훈련 대상을 구분.","관리자 실무교육과 관계인·종사자 훈련을 구분했는가?
피난 계획과 실제 훈련 결과를 확인했는가?","선임·교육자료
훈련·개선 기록","소방안전관리·교육·훈련 조항 현행 대조 대기","https://www.law.go.kr/법령/화재의예방및안전관리에관한법률","https://www.law.go.kr/LSW/lsInfoP.do?chrClsCd=010202&lsId=014189&lsiSeq=253511&urlMode=lsInfoP","화재의 예방 및 안전관리에 관한 법률: 발췌 확인 · 법령명·안전관리 관련 발췌 확인. 대상물 등급·선임·교육·훈련의 현행 조건 대조 대기.","화재의 예방 및 안전관리에 관한 법률: 2026-09-15","적용 여부·전문 검토 대기","","",""
"2026-09-15.1","검토 후보 목록입니다. 법적 의무 전체 목록이나 사업장별 적용 판정이 아닙니다. 인원 선택만으로 항목을 제외하지 않습니다.","전체 목록","REVIEW-023","교육·훈련","다중이용업소 소방안전교육","음식점·급식 · 숙박·목욕 · 문화·체육·여가 · 도소매·편의점 · 수리·세탁·개인서비스","이용자·공중시설","인원만으로 제외하지 않음","다중이용업소 업종·면적·층·구조와 업주/종업원별 교육 대상 확인.","영업 형태와 교육 대상자를 대조했는가?
신규·보수·수시 등 교육 사유를 구분했는가?","영업·시설 기본정보
교육 이수자료","대상 정의·교육 조항과 하위 규정 매핑 대기","https://www.law.go.kr/법령/다중이용업소의안전관리에관한특별법","https://www.law.go.kr/법령/다중이용업소의안전관리에관한특별법","다중이용업소의 안전관리에 관한 특별법: 발췌 확인 · 목적·안전시설·보험 관련 검색 발췌 확인. 면적·층·영업 형태·교육 대상과 현행 조문 매핑 대기.","다중이용업소의 안전관리에 관한 특별법: 2026-09-15","적용 여부·전문 검토 대기","","",""
"2026-09-15.1","검토 후보 목록입니다. 법적 의무 전체 목록이나 사업장별 적용 판정이 아닙니다. 인원 선택만으로 항목을 제외하지 않습니다.","전체 목록","REVIEW-024","교육·훈련","식품위생교육·영업자 확인","음식점·급식 · 도소매·편의점 · 숙박·목욕 · 교육·연구 · 보건·돌봄·사회복지","","인원만으로 제외하지 않음","식품 영업종류·집단급식소 여부·교육 책임자 확인. 산안법 교육과 구분.","영업자·책임자·대상자의 교육 요건을 확인했는가?
교육 이수와 조리 종사자의 위생관리를 연결했는가?","영업·급식소 정보
위생교육 이수자료","식품위생법 제41조 및 하위 규정 조사","https://www.law.go.kr/법령/식품위생법","https://law.go.kr/LSW/lsLawLinkInfo.do?chrClsCd=010202&lsJoLnkSeq=1017622531","식품위생법: 발췌 확인 · 제41조 교육 관련 발췌 확인. 영업종류·교육 대상·건강진단·주기의 현행 원문 대조 대기.","식품위생법: 2026-09-15","적용 여부·전문 검토 대기","","",""
"2026-09-15.1","검토 후보 목록입니다. 법적 의무 전체 목록이나 사업장별 적용 판정이 아닙니다. 인원 선택만으로 항목을 제외하지 않습니다.","전체 목록","REVIEW-025","교육·훈련","연구활동종사자 안전교육","교육·연구 · 제조·가공 · 보건·돌봄·사회복지 · 사무·IT·금융·전문서비스","화학물질 · 감염·생물요인","인원만으로 제외하지 않음","연구실안전법 적용 기관·연구활동·위험 등급·종사자 구분.","연구실별 교육 대상·과정·특례를 확인했는가?
실험 변경과 사고 대응 교육 이력을 연결했는가?","연구실·종사자 목록
교육 이수자료","연구실안전법 교육·훈련 및 하위 규정 조사","https://www.law.go.kr/법령/연구실안전환경조성에관한법률","https://www.law.go.kr/LSW/lsInfoP.do?efYd=20260520&lsiSeq=283355&urlMode=lsInfoP","연구실 안전환경 조성에 관한 법률: 발췌 확인 · 적용 기관 정의 관련 발췌 확인. 연구실별 점검·교육·조직·예외 대조 대기.","연구실 안전환경 조성에 관한 법률: 2026-09-15","적용 여부·전문 검토 대기","","",""
"2026-09-15.1","검토 후보 목록입니다. 법적 의무 전체 목록이나 사업장별 적용 판정이 아닙니다. 인원 선택만으로 항목을 제외하지 않습니다.","전체 목록","REVIEW-026","작업·점검","통로·바닥·계단·피난 동선","전 업종 공통 검토 후보","","인원만으로 제외하지 않음","이동·작업·이용자 동선과 실제 장애물을 확인.","젖은 바닥·적치물·단차·조명 문제를 기록했는가?
비상구·피난 통로의 사용 가능 상태를 확인했는가?","위치가 있는 점검 기록
개선 전후 사진","작업장·통로·피난 관련 조문 매핑 대기. 자체 점검 질문.","https://www.law.go.kr/법령/산업안전보건기준에관한규칙
https://www.law.go.kr/법령/화재의예방및안전관리에관한법률","https://www.law.go.kr/LSW/lsInfoP.do?lsiSeq=273603&efYd=20260302
https://www.law.go.kr/LSW/lsInfoP.do?chrClsCd=010202&lsId=014189&lsiSeq=253511&urlMode=lsInfoP","산업안전보건기준에 관한 규칙: 서지 확인 · 2026-03-02 시행본 서지 확인. 작업별 질문은 조사 제안이며 개별 조문·기술 수치 매핑 대기.
화재의 예방 및 안전관리에 관한 법률: 발췌 확인 · 법령명·안전관리 관련 발췌 확인. 대상물 등급·선임·교육·훈련의 현행 조건 대조 대기.","산업안전보건기준에 관한 규칙: 2026-09-15
화재의 예방 및 안전관리에 관한 법률: 2026-09-15","적용 여부·전문 검토 대기","","",""
"2026-09-15.1","검토 후보 목록입니다. 법적 의무 전체 목록이나 사업장별 적용 판정이 아닙니다. 인원 선택만으로 항목을 제외하지 않습니다.","전체 목록","REVIEW-027","작업·점검","고소작업·개구부·사다리·작업발판","시설관리·유지보수·청소·경비 · 건설·철거·설치 · 제조·가공 · 운수·창고·배달 · 농업·임업·어업 · 전기·가스·열 공급","고소·추락","인원만으로 제외하지 않음","작업 높이뿐 아니라 작업 방법·추락 경로·설비 종류 확인.","안전한 작업 방법·발판·난간·개구부 방호를 확인했는가?
보호구·고정점·작업자 배치와 구조 계획을 검토했는가?","작업 방법·설비 확인표
방호·개선 사진","추락·비계·작업발판 규정 매핑 대기. 수치 기준 미확정.","https://www.law.go.kr/법령/산업안전보건기준에관한규칙","https://www.law.go.kr/LSW/lsInfoP.do?lsiSeq=273603&efYd=20260302","산업안전보건기준에 관한 규칙: 서지 확인 · 2026-03-02 시행본 서지 확인. 작업별 질문은 조사 제안이며 개별 조문·기술 수치 매핑 대기.","산업안전보건기준에 관한 규칙: 2026-09-15","적용 여부·전문 검토 대기","","",""
"2026-09-15.1","검토 후보 목록입니다. 법적 의무 전체 목록이나 사업장별 적용 판정이 아닙니다. 인원 선택만으로 항목을 제외하지 않습니다.","전체 목록","REVIEW-028","작업·점검","밀폐공간 출입·측정·환기·구조","시설관리·유지보수·청소·경비 · 건설·철거·설치 · 수도·하수·폐기물·재생 · 제조·가공 · 전기·가스·열 공급 · 농업·임업·어업","밀폐공간","인원만으로 제외하지 않음","공간의 명칭이 아닌 구조·공기 상태·작업과 밀폐공간 대상 정의 확인.","공간 목록·출입 절차·측정·환기·감시를 검토했는가?
비상 연락과 구조 장비·훈련을 확인했는가?","작업 프로그램·출입 기록
실측·장비·훈련 기록","밀폐공간 관련 정의·보건작업 프로그램 조사. 측정값 생성 금지.","https://www.law.go.kr/법령/산업안전보건기준에관한규칙","https://www.law.go.kr/LSW/lsInfoP.do?lsiSeq=273603&efYd=20260302","산업안전보건기준에 관한 규칙: 서지 확인 · 2026-03-02 시행본 서지 확인. 작업별 질문은 조사 제안이며 개별 조문·기술 수치 매핑 대기.","산업안전보건기준에 관한 규칙: 2026-09-15","적용 여부·전문 검토 대기","","",""
"2026-09-15.1","검토 후보 목록입니다. 법적 의무 전체 목록이나 사업장별 적용 판정이 아닙니다. 인원 선택만으로 항목을 제외하지 않습니다.","전체 목록","REVIEW-029","작업·점검","기계 방호·비상정지·회전체","제조·가공 · 음식점·급식 · 수도·하수·폐기물·재생 · 농업·임업·어업 · 수리·세탁·개인서비스 · 광업·채석","기계·정비","인원만으로 제외하지 않음","기계 종류·위험부·사용·청소·막힘 제거 작업 확인.","방호장치·덮개·인터록의 상태와 임의 해체를 확인했는가?
비상정지와 안전한 접근·작업 방법을 확인했는가?","기계별 확인표
결함·보수 기록","기계 종류별 방호·작업 규정 조사. 자체 점검 질문.","https://www.law.go.kr/법령/산업안전보건기준에관한규칙","https://www.law.go.kr/LSW/lsInfoP.do?lsiSeq=273603&efYd=20260302","산업안전보건기준에 관한 규칙: 서지 확인 · 2026-03-02 시행본 서지 확인. 작업별 질문은 조사 제안이며 개별 조문·기술 수치 매핑 대기.","산업안전보건기준에 관한 규칙: 2026-09-15","적용 여부·전문 검토 대기","","",""
"2026-09-15.1","검토 후보 목록입니다. 법적 의무 전체 목록이나 사업장별 적용 판정이 아닙니다. 인원 선택만으로 항목을 제외하지 않습니다.","전체 목록","REVIEW-030","작업·점검","정비·청소 시 에너지 차단","시설관리·유지보수·청소·경비 · 제조·가공 · 수도·하수·폐기물·재생 · 전기·가스·열 공급 · 수리·세탁·개인서비스","기계·정비 · 전기","인원만으로 제외하지 않음","전기·압력·열·중력·잔류 에너지와 재기동 가능성 확인.","정지·차단·잠금·표지 및 잔류 에너지 처리를 검토했는가?
작업자 확인 후 복구하는 절차가 있는가?","정비 작업 절차
차단·복구 확인 기록","정비 중 운전정지 등 작업별 조항 매핑 대기","https://www.law.go.kr/법령/산업안전보건기준에관한규칙","https://www.law.go.kr/LSW/lsInfoP.do?lsiSeq=273603&efYd=20260302","산업안전보건기준에 관한 규칙: 서지 확인 · 2026-03-02 시행본 서지 확인. 작업별 질문은 조사 제안이며 개별 조문·기술 수치 매핑 대기.","산업안전보건기준에 관한 규칙: 2026-09-15","적용 여부·전문 검토 대기","","",""
"2026-09-15.1","검토 후보 목록입니다. 법적 의무 전체 목록이나 사업장별 적용 판정이 아닙니다. 인원 선택만으로 항목을 제외하지 않습니다.","전체 목록","REVIEW-031","작업·점검","지게차·차량·하역·보행자 분리","운수·창고·배달 · 제조·가공 · 도소매·편의점 · 건설·철거·설치 · 수도·하수·폐기물·재생 · 농업·임업·어업","차량·하역","인원만으로 제외하지 않음","장비 종류·운행 장소·하역 방법·운전자 자격 확인.","차량과 보행자 동선·접촉 위험·유도 방법을 확인했는가?
적재·시야·장비 상태·작업계획을 검토했는가?","운행·작업계획
장비·자격 확인자료","차량계 하역운반기계·작업계획 관련 규정 조사","https://www.law.go.kr/법령/산업안전보건기준에관한규칙","https://www.law.go.kr/LSW/lsInfoP.do?lsiSeq=273603&efYd=20260302","산업안전보건기준에 관한 규칙: 서지 확인 · 2026-03-02 시행본 서지 확인. 작업별 질문은 조사 제안이며 개별 조문·기술 수치 매핑 대기.","산업안전보건기준에 관한 규칙: 2026-09-15","적용 여부·전문 검토 대기","","",""
"2026-09-15.1","검토 후보 목록입니다. 법적 의무 전체 목록이나 사업장별 적용 판정이 아닙니다. 인원 선택만으로 항목을 제외하지 않습니다.","전체 목록","REVIEW-032","작업·점검","크레인·호이스트·줄걸이","제조·가공 · 건설·철거·설치 · 운수·창고·배달 · 전기·가스·열 공급 · 광업·채석","기계·정비 · 중량물·반복작업","인원만으로 제외하지 않음","양중기 종류·능력·매다는 물체·검사·작업자 요건 확인.","인양 경로·출입 통제·신호 체계를 확인했는가?
줄걸이 용구·하중·장비 결함을 확인했는가?","인양 작업계획
용구·장비 점검자료","양중기·달기구 작업 규정 조사. 허용하중 미확정.","https://www.law.go.kr/법령/산업안전보건기준에관한규칙","https://www.law.go.kr/LSW/lsInfoP.do?lsiSeq=273603&efYd=20260302","산업안전보건기준에 관한 규칙: 서지 확인 · 2026-03-02 시행본 서지 확인. 작업별 질문은 조사 제안이며 개별 조문·기술 수치 매핑 대기.","산업안전보건기준에 관한 규칙: 2026-09-15","적용 여부·전문 검토 대기","","",""
"2026-09-15.1","검토 후보 목록입니다. 법적 의무 전체 목록이나 사업장별 적용 판정이 아닙니다. 인원 선택만으로 항목을 제외하지 않습니다.","전체 목록","REVIEW-033","작업·점검","용접·절단·화기작업","시설관리·유지보수·청소·경비 · 건설·철거·설치 · 제조·가공 · 전기·가스·열 공급 · 수리·세탁·개인서비스","화기·가스","인원만으로 제외하지 않음","가연물·가스·분진·밀폐공간·인접 작업 여부 확인.","화재·폭발 위험과 불티 비산 범위를 확인했는가?
감시·소화·환기·작업 전후 확인을 검토했는가?","화기작업 확인 기록
주변 정리·방호 사진","화재·폭발·용접 작업 규정 조사. 허가서 보편 의무로 단정 금지.","https://www.law.go.kr/법령/산업안전보건기준에관한규칙
https://www.law.go.kr/법령/화재의예방및안전관리에관한법률","https://www.law.go.kr/LSW/lsInfoP.do?lsiSeq=273603&efYd=20260302
https://www.law.go.kr/LSW/lsInfoP.do?chrClsCd=010202&lsId=014189&lsiSeq=253511&urlMode=lsInfoP","산업안전보건기준에 관한 규칙: 서지 확인 · 2026-03-02 시행본 서지 확인. 작업별 질문은 조사 제안이며 개별 조문·기술 수치 매핑 대기.
화재의 예방 및 안전관리에 관한 법률: 발췌 확인 · 법령명·안전관리 관련 발췌 확인. 대상물 등급·선임·교육·훈련의 현행 조건 대조 대기.","산업안전보건기준에 관한 규칙: 2026-09-15
화재의 예방 및 안전관리에 관한 법률: 2026-09-15","적용 여부·전문 검토 대기","","",""
"2026-09-15.1","검토 후보 목록입니다. 법적 의무 전체 목록이나 사업장별 적용 판정이 아닙니다. 인원 선택만으로 항목을 제외하지 않습니다.","전체 목록","REVIEW-034","작업·점검","전기작업·누전·임시전원","시설관리·유지보수·청소·경비 · 건설·철거·설치 · 제조·가공 · 전기·가스·열 공급 · 수리·세탁·개인서비스","전기","인원만으로 제외하지 않음","전압·충전 여부·작업자 자격·습윤 장소·이동형 설비 확인.","충전부 접근·차단·검전·감전 방지 방법을 확인했는가?
전선·접지·누전 보호·임시 배선 상태를 확인했는가?","전기작업 확인표
설비 검사·보수 기록","전기작업 안전조치·설비 법령 구분 조사","https://www.law.go.kr/법령/산업안전보건기준에관한규칙
https://www.law.go.kr/법령/전기안전관리법","https://www.law.go.kr/LSW/lsInfoP.do?lsiSeq=273603&efYd=20260302
https://www.law.go.kr/LSW/lsInfoP.do?lsiSeq=272917","산업안전보건기준에 관한 규칙: 서지 확인 · 2026-03-02 시행본 서지 확인. 작업별 질문은 조사 제안이며 개별 조문·기술 수치 매핑 대기.
전기안전관리법: 발췌 확인 · 제22조 선임과 검사 관련 발췌 확인. 설비 분류·용량·예외·교육·주기의 현행 원문 대조 대기.","산업안전보건기준에 관한 규칙: 2026-09-15
전기안전관리법: 2026-09-15","적용 여부·전문 검토 대기","","",""
"2026-09-15.1","검토 후보 목록입니다. 법적 의무 전체 목록이나 사업장별 적용 판정이 아닙니다. 인원 선택만으로 항목을 제외하지 않습니다.","전체 목록","REVIEW-035","작업·점검","조리·튀김·절단·후드·세척","음식점·급식 · 숙박·목욕 · 교육·연구 · 보건·돌봄·사회복지 · 도소매·편의점","화기·가스 · 화학물질","인원만으로 제외하지 않음","조리 작업·열원·칼/절단기·후드·세척제 사용 확인.","화상·베임·미끄러짐·가스·후드 화재 위험을 확인했는가?
세척제 혼합·환기·보호구와 조리 동선을 검토했는가?","조리실 점검 기록
세척·보수·개선 기록","현장 위험성평가용 자체 점검 질문. 개별 법정 기준 매핑 대기.","https://www.law.go.kr/법령/산업안전보건기준에관한규칙
https://www.law.go.kr/법령/식품위생법","https://www.law.go.kr/LSW/lsInfoP.do?lsiSeq=273603&efYd=20260302
https://law.go.kr/LSW/lsLawLinkInfo.do?chrClsCd=010202&lsJoLnkSeq=1017622531","산업안전보건기준에 관한 규칙: 서지 확인 · 2026-03-02 시행본 서지 확인. 작업별 질문은 조사 제안이며 개별 조문·기술 수치 매핑 대기.
식품위생법: 발췌 확인 · 제41조 교육 관련 발췌 확인. 영업종류·교육 대상·건강진단·주기의 현행 원문 대조 대기.","산업안전보건기준에 관한 규칙: 2026-09-15
식품위생법: 2026-09-15","적용 여부·전문 검토 대기","","",""
"2026-09-15.1","검토 후보 목록입니다. 법적 의무 전체 목록이나 사업장별 적용 판정이 아닙니다. 인원 선택만으로 항목을 제외하지 않습니다.","전체 목록","REVIEW-036","작업·점검","진열·적재·상하차·냉장고","도소매·편의점 · 운수·창고·배달 · 음식점·급식 · 숙박·목욕","중량물·반복작업 · 차량·하역","인원만으로 제외하지 않음","적재 높이·선반·상하차·저온창고·작업자 이동 확인.","낙하·붕괴·끼임·무리한 들기 위험을 확인했는가?
냉장·냉동 공간 갇힘과 내부 연락 수단을 검토했는가?","위치별 확인 사진
적재·설비 개선 기록","작업장·적재·저온 작업 관련 규정 매핑 대기","https://www.law.go.kr/법령/산업안전보건기준에관한규칙","https://www.law.go.kr/LSW/lsInfoP.do?lsiSeq=273603&efYd=20260302","산업안전보건기준에 관한 규칙: 서지 확인 · 2026-03-02 시행본 서지 확인. 작업별 질문은 조사 제안이며 개별 조문·기술 수치 매핑 대기.","산업안전보건기준에 관한 규칙: 2026-09-15","적용 여부·전문 검토 대기","","",""
"2026-09-15.1","검토 후보 목록입니다. 법적 의무 전체 목록이나 사업장별 적용 판정이 아닙니다. 인원 선택만으로 항목을 제외하지 않습니다.","전체 목록","REVIEW-037","작업·점검","위험기계 안전인증·안전검사","전 업종 공통 검토 후보","기계·정비 · 차량·하역","인원만으로 제외하지 않음","대상 기계 종류·규격·설치일·이전·변경·면제 조건 확인.","인증·자율안전확인·안전검사의 대상을 구분했는가?
검사 결과·사용중지·결함 개선과 다음 기준일을 확인했는가?","기계대장·인증자료
검사 결과·보수 기록","안전인증·안전검사 조항·대상표 조사. 주기 미확정.","https://www.law.go.kr/법령/산업안전보건법
https://www.law.go.kr/법령/산업안전보건법시행령
https://www.law.go.kr/법령/산업안전보건법시행규칙","https://law.go.kr/LSW/lsInfoP.do?ancYnChk=0&lsId=001766
https://www.law.go.kr/LSW/lsInfoP.do?lsiSeq=288347&efYd=20260801
https://www.law.go.kr/LSW/lsInfoP.do?lsiSeq=288431&efYd=20260801","산업안전보건법: 발췌 확인 · 교육·위험성평가·안전보건조치·고객응대 관련 검색 발췌 확인. 조문 전체·부칙·적용 예외 대조는 미완료.
산업안전보건법 시행령: 서지 확인 · 2026-08-01 시행본 서지 확인. 선임·교육 적용 제외·별표 전체는 본문 대조 대기.
산업안전보건법 시행규칙: 서지 확인 · 2026-08-01 시행본 서지 확인. 별표 4·5의 현행 교육시간·내용과 예외는 대조 대기.","산업안전보건법: 2026-09-15
산업안전보건법 시행령: 2026-09-15
산업안전보건법 시행규칙: 2026-09-15","적용 여부·전문 검토 대기","","",""
"2026-09-15.1","검토 후보 목록입니다. 법적 의무 전체 목록이나 사업장별 적용 판정이 아닙니다. 인원 선택만으로 항목을 제외하지 않습니다.","전체 목록","REVIEW-038","보건·건강","폭염·한파·옥외작업","건설·철거·설치 · 시설관리·유지보수·청소·경비 · 운수·창고·배달 · 농업·임업·어업 · 수도·하수·폐기물·재생 · 전기·가스·열 공급 · 광업·채석","폭염·한파","인원만으로 제외하지 않음","작업 장소·열원·날씨·노출시간·취약 작업자 확인.","휴식·물·냉난방·작업시간 조정과 건강 상태를 확인했는가?
증상 발생 시 작업중지·연락·대응 절차가 있는가?","현장 환경·조치 기록
작업자 안내·확인 기록","현행 폭염·한파 조항 조사. 온도·휴식시간 법정 수치 미확정.","https://www.law.go.kr/법령/산업안전보건법
https://www.law.go.kr/법령/산업안전보건기준에관한규칙","https://law.go.kr/LSW/lsInfoP.do?ancYnChk=0&lsId=001766
https://www.law.go.kr/LSW/lsInfoP.do?lsiSeq=273603&efYd=20260302","산업안전보건법: 발췌 확인 · 교육·위험성평가·안전보건조치·고객응대 관련 검색 발췌 확인. 조문 전체·부칙·적용 예외 대조는 미완료.
산업안전보건기준에 관한 규칙: 서지 확인 · 2026-03-02 시행본 서지 확인. 작업별 질문은 조사 제안이며 개별 조문·기술 수치 매핑 대기.","산업안전보건법: 2026-09-15
산업안전보건기준에 관한 규칙: 2026-09-15","적용 여부·전문 검토 대기","","",""
"2026-09-15.1","검토 후보 목록입니다. 법적 의무 전체 목록이나 사업장별 적용 판정이 아닙니다. 인원 선택만으로 항목을 제외하지 않습니다.","전체 목록","REVIEW-039","보건·건강","MSDS·경고표지·보관·환기","전 업종 공통 검토 후보","화학물질","인원만으로 제외하지 않음","현장 물질·용기·노출 경로·보관 방식 확인.","물질별 자료와 소분 용기의 표시를 확인했는가?
혼합 금지·보관·환기·보호구를 위험에 맞게 검토했는가?","물질·자료 목록
보관·표지·환기 확인 기록","MSDS·표시·유해물질 관련 조문 대조 대기","https://www.law.go.kr/법령/산업안전보건법
https://www.law.go.kr/법령/산업안전보건기준에관한규칙","https://law.go.kr/LSW/lsInfoP.do?ancYnChk=0&lsId=001766
https://www.law.go.kr/LSW/lsInfoP.do?lsiSeq=273603&efYd=20260302","산업안전보건법: 발췌 확인 · 교육·위험성평가·안전보건조치·고객응대 관련 검색 발췌 확인. 조문 전체·부칙·적용 예외 대조는 미완료.
산업안전보건기준에 관한 규칙: 서지 확인 · 2026-03-02 시행본 서지 확인. 작업별 질문은 조사 제안이며 개별 조문·기술 수치 매핑 대기.","산업안전보건법: 2026-09-15
산업안전보건기준에 관한 규칙: 2026-09-15","적용 여부·전문 검토 대기","","",""
"2026-09-15.1","검토 후보 목록입니다. 법적 의무 전체 목록이나 사업장별 적용 판정이 아닙니다. 인원 선택만으로 항목을 제외하지 않습니다.","전체 목록","REVIEW-040","보건·건강","작업환경측정·노출 개선","전 업종 공통 검토 후보","화학물질 · 기계·정비","인원만으로 제외하지 않음","대상 유해인자·공정·노출·측정 제외·변경 사항 확인.","측정 대상과 대표 작업·대상자를 확인했는가?
결과 알림·초과 조치·후속 측정을 검토했는가?","공정·유해인자 목록
측정·개선 자료","법 제125조·대상 유해인자·주기 관련 별표 조사","https://www.law.go.kr/법령/산업안전보건법
https://www.law.go.kr/법령/산업안전보건법시행규칙","https://law.go.kr/LSW/lsInfoP.do?ancYnChk=0&lsId=001766
https://www.law.go.kr/LSW/lsInfoP.do?lsiSeq=288431&efYd=20260801","산업안전보건법: 발췌 확인 · 교육·위험성평가·안전보건조치·고객응대 관련 검색 발췌 확인. 조문 전체·부칙·적용 예외 대조는 미완료.
산업안전보건법 시행규칙: 서지 확인 · 2026-08-01 시행본 서지 확인. 별표 4·5의 현행 교육시간·내용과 예외는 대조 대기.","산업안전보건법: 2026-09-15
산업안전보건법 시행규칙: 2026-09-15","적용 여부·전문 검토 대기","","",""
"2026-09-15.1","검토 후보 목록입니다. 법적 의무 전체 목록이나 사업장별 적용 판정이 아닙니다. 인원 선택만으로 항목을 제외하지 않습니다.","전체 목록","REVIEW-041","보건·건강","일반·특수·배치전 건강진단","전 업종 공통 검토 후보","화학물질 · 야간근무 · 기계·정비","인원만으로 제외하지 않음","사무/비사무·유해인자·야간작업·배치와 진단별 대상 확인.","대상·시점·대체 인정 조건을 진단 종류별로 확인했는가?
사후조치와 건강자료 열람권한을 분리했는가?","최소정보 대상·수검 관리표
권한을 제한한 사후조치 기록","법 제129~132조·야간작업 등 대상·주기 조사. 민감 원문 공개 금지.","https://www.law.go.kr/법령/산업안전보건법
https://www.law.go.kr/법령/산업안전보건법시행규칙","https://law.go.kr/LSW/lsInfoP.do?ancYnChk=0&lsId=001766
https://www.law.go.kr/LSW/lsInfoP.do?lsiSeq=288431&efYd=20260801","산업안전보건법: 발췌 확인 · 교육·위험성평가·안전보건조치·고객응대 관련 검색 발췌 확인. 조문 전체·부칙·적용 예외 대조는 미완료.
산업안전보건법 시행규칙: 서지 확인 · 2026-08-01 시행본 서지 확인. 별표 4·5의 현행 교육시간·내용과 예외는 대조 대기.","산업안전보건법: 2026-09-15
산업안전보건법 시행규칙: 2026-09-15","적용 여부·전문 검토 대기","","",""
"2026-09-15.1","검토 후보 목록입니다. 법적 의무 전체 목록이나 사업장별 적용 판정이 아닙니다. 인원 선택만으로 항목을 제외하지 않습니다.","전체 목록","REVIEW-042","보건·건강","근골격계부담·중량물·반복작업","전 업종 공통 검토 후보","중량물·반복작업","인원만으로 제외하지 않음","작업 자세·빈도·하중·지속시간과 고시상 부담작업 해당 여부 확인.","현장 관찰과 작업자 의견으로 부담을 확인했는가?
보조기구·작업방법·개선 효과를 확인했는가?","유해요인 조사 자료
개선·작업자 의견 기록","근골격계부담작업·유해요인조사 관련 조항·고시 조사","https://www.law.go.kr/법령/산업안전보건기준에관한규칙
https://www.law.go.kr/행정규칙/사업장위험성평가에관한지침","https://www.law.go.kr/LSW/lsInfoP.do?lsiSeq=273603&efYd=20260302
https://www.law.go.kr/LSW/admRulInfoP.do?admRulSeq=2100000251014&chrClsCd=010202&lsId=2052906","산업안전보건기준에 관한 규칙: 서지 확인 · 2026-03-02 시행본 서지 확인. 작업별 질문은 조사 제안이며 개별 조문·기술 수치 매핑 대기.
사업장 위험성평가에 관한 지침: 발췌 확인 · 평가 방법·기록 관련 발췌 확인. 현행 시행본·최초/정기/수시/상시평가 조건 대조 대기.","산업안전보건기준에 관한 규칙: 2026-09-15
사업장 위험성평가에 관한 지침: 2026-09-15","적용 여부·전문 검토 대기","","",""
"2026-09-15.1","검토 후보 목록입니다. 법적 의무 전체 목록이나 사업장별 적용 판정이 아닙니다. 인원 선택만으로 항목을 제외하지 않습니다.","전체 목록","REVIEW-043","보건·건강","소음·분진·진동·보호구","제조·가공 · 건설·철거·설치 · 광업·채석 · 수도·하수·폐기물·재생 · 농업·임업·어업 · 전기·가스·열 공급","기계·정비 · 화학물질","인원만으로 제외하지 않음","발생원·노출·측정·보호구 적합성 확인.","발생 억제·밀폐·환기·격리 방법을 검토했는가?
보호구 선정·착용·교체·교육을 확인했는가?","유해요인·설비 점검 기록
보호구 지급·교육자료","소음·분진·진동 및 보호구 관련 조항 매핑 대기","https://www.law.go.kr/법령/산업안전보건기준에관한규칙","https://www.law.go.kr/LSW/lsInfoP.do?lsiSeq=273603&efYd=20260302","산업안전보건기준에 관한 규칙: 서지 확인 · 2026-03-02 시행본 서지 확인. 작업별 질문은 조사 제안이며 개별 조문·기술 수치 매핑 대기.","산업안전보건기준에 관한 규칙: 2026-09-15","적용 여부·전문 검토 대기","","",""
"2026-09-15.1","검토 후보 목록입니다. 법적 의무 전체 목록이나 사업장별 적용 판정이 아닙니다. 인원 선택만으로 항목을 제외하지 않습니다.","전체 목록","REVIEW-044","보건·건강","고객응대·폭언·폭력 보호","도소매·편의점 · 음식점·급식 · 숙박·목욕 · 사무·IT·금융·전문서비스 · 보건·돌봄·사회복지 · 공공행정·공공서비스 · 수리·세탁·개인서비스","고객응대","인원만으로 제외하지 않음","대면·전화·온라인 고객응대와 피해 상황을 확인.","안내·대응 절차·보호 조치를 작업자가 알고 있는가?
피해 발생 시 업무중단·지원·불이익 방지 절차를 확인했는가?","응대 절차·교육자료
개인정보를 줄인 조치 기록","법 제41조 및 관련 하위 규정 조사","https://www.law.go.kr/법령/산업안전보건법","https://law.go.kr/LSW/lsInfoP.do?ancYnChk=0&lsId=001766","산업안전보건법: 발췌 확인 · 교육·위험성평가·안전보건조치·고객응대 관련 검색 발췌 확인. 조문 전체·부칙·적용 예외 대조는 미완료.","산업안전보건법: 2026-09-15","적용 여부·전문 검토 대기","","",""
"2026-09-15.1","검토 후보 목록입니다. 법적 의무 전체 목록이나 사업장별 적용 판정이 아닙니다. 인원 선택만으로 항목을 제외하지 않습니다.","전체 목록","REVIEW-045","보건·건강","휴게시설·위생·휴식 접근","전 업종 공통 검토 후보","야간근무 · 폭염·한파 · 도급·혼재작업","10~19명 · 20~49명","설치 의무와 설치·관리기준 준수 대상 구분. 직종·인원·수급인·공사 기준 확인.","실제로 이용 가능한 위치·시설·관리 상태를 확인했는가?
청소·경비·돌봄 등 직종과 다른 업체 인원을 구분했는가?","시설 확인표·사진
인원·직종·관리 기록","법 제128조의2·시행령 제96조의2·시행규칙 기준 조사","https://www.law.go.kr/법령/산업안전보건법시행령/제96조의2
https://www.law.go.kr/법령/산업안전보건법
https://www.law.go.kr/법령/산업안전보건법시행령","https://www.kosha.or.kr/ebook/fcatalog/access/ecatalogt.jsp?Dir=528&callmode=normal&catimage=&eclang=ko&start=20&um=s
https://law.go.kr/LSW/lsInfoP.do?ancYnChk=0&lsId=001766
https://www.law.go.kr/LSW/lsInfoP.do?lsiSeq=288347&efYd=20260801","휴게시설 설치·관리 기준 안내: 발췌 확인 · 공단 자료의 인원·특정 직종·관계수급인 포함 안내 발췌 확인. 설치 의무와 제재 대상의 구별 및 현행 원문 대조 대기.
산업안전보건법: 발췌 확인 · 교육·위험성평가·안전보건조치·고객응대 관련 검색 발췌 확인. 조문 전체·부칙·적용 예외 대조는 미완료.
산업안전보건법 시행령: 서지 확인 · 2026-08-01 시행본 서지 확인. 선임·교육 적용 제외·별표 전체는 본문 대조 대기.","휴게시설 설치·관리 기준 안내: 2026-09-15
산업안전보건법: 2026-09-15
산업안전보건법 시행령: 2026-09-15","적용 여부·전문 검토 대기","","",""
"2026-09-15.1","검토 후보 목록입니다. 법적 의무 전체 목록이나 사업장별 적용 판정이 아닙니다. 인원 선택만으로 항목을 제외하지 않습니다.","전체 목록","REVIEW-046","보건·건강","감염 노출·찔림·돌봄 작업","보건·돌봄·사회복지 · 교육·연구 · 수도·하수·폐기물·재생 · 수리·세탁·개인서비스","감염·생물요인 · 중량물·반복작업","인원만으로 제외하지 않음","환자·검체·폐기물·오염 세탁물과 이동보조 작업 확인.","찔림·접촉·감염 경로와 예방·노출 후 절차를 확인했는가?
이동보조·보호구·손위생·폐기 방법을 검토했는가?","노출 예방·작업 절차
교육·개선 기록","병원체 관련 보건조치 조사. 의료·감염·폐기물 법령은 추가 조사 필요.","https://www.law.go.kr/법령/산업안전보건기준에관한규칙","https://www.law.go.kr/LSW/lsInfoP.do?lsiSeq=273603&efYd=20260302","산업안전보건기준에 관한 규칙: 서지 확인 · 2026-03-02 시행본 서지 확인. 작업별 질문은 조사 제안이며 개별 조문·기술 수치 매핑 대기.","산업안전보건기준에 관한 규칙: 2026-09-15","적용 여부·전문 검토 대기","","",""
"2026-09-15.1","검토 후보 목록입니다. 법적 의무 전체 목록이나 사업장별 적용 판정이 아닙니다. 인원 선택만으로 항목을 제외하지 않습니다.","전체 목록","REVIEW-047","도급·건설","도급·수급·파견·관리주체 구분","전 업종 공통 검토 후보","도급·혼재작업","0명 · 미확인","계약 명칭과 실제 지휘·관리·장소 지배를 함께 확인.","발주자·도급인·수급인·시설 관리주체의 책임을 구분했는가?
관계업체 작업·인원·작업구역·연락망을 확인했는가?","계약·역할 관계표
업체·작업 범위 목록","도급 관련 정의·적용·책임 조항 조사","https://www.law.go.kr/법령/산업안전보건법
https://www.law.go.kr/법령/중대재해처벌등에관한법률","https://law.go.kr/LSW/lsInfoP.do?ancYnChk=0&lsId=001766
https://moel.go.kr/news/enews/explain/enewsView.do?news_seq=16128","산업안전보건법: 발췌 확인 · 교육·위험성평가·안전보건조치·고객응대 관련 검색 발췌 확인. 조문 전체·부칙·적용 예외 대조는 미완료.
중대재해 처벌 등에 관한 법률: 발췌 확인 · 고용노동부의 5~50명 미만 확대 적용 설명 확인. 법령별 산정·책임·중대시민재해와 시행령 대조 대기.","산업안전보건법: 2026-09-15
중대재해 처벌 등에 관한 법률: 2026-09-15","적용 여부·전문 검토 대기","","",""
"2026-09-15.1","검토 후보 목록입니다. 법적 의무 전체 목록이나 사업장별 적용 판정이 아닙니다. 인원 선택만으로 항목을 제외하지 않습니다.","전체 목록","REVIEW-048","도급·건설","혼재작업 협의·순회점검·합동점검","시설관리·유지보수·청소·경비 · 건설·철거·설치 · 제조·가공 · 운수·창고·배달 · 전기·가스·열 공급","도급·혼재작업","인원만으로 제외하지 않음","도급 관계·장소·작업 겹침과 적용 의무별 조건 확인.","같은 장소의 동시 작업·일정·위험정보를 공유했는가?
협의·점검·교육 지원·시정 조치의 실제 이력이 있는가?","협의·점검 기록
작업 조정·조치 자료","법 제63~65조 등 의무별 대상·주기 조사","https://www.law.go.kr/법령/산업안전보건법
https://www.law.go.kr/법령/산업안전보건법시행규칙","https://law.go.kr/LSW/lsInfoP.do?ancYnChk=0&lsId=001766
https://www.law.go.kr/LSW/lsInfoP.do?lsiSeq=288431&efYd=20260801","산업안전보건법: 발췌 확인 · 교육·위험성평가·안전보건조치·고객응대 관련 검색 발췌 확인. 조문 전체·부칙·적용 예외 대조는 미완료.
산업안전보건법 시행규칙: 서지 확인 · 2026-08-01 시행본 서지 확인. 별표 4·5의 현행 교육시간·내용과 예외는 대조 대기.","산업안전보건법: 2026-09-15
산업안전보건법 시행규칙: 2026-09-15","적용 여부·전문 검토 대기","","",""
"2026-09-15.1","검토 후보 목록입니다. 법적 의무 전체 목록이나 사업장별 적용 판정이 아닙니다. 인원 선택만으로 항목을 제외하지 않습니다.","전체 목록","REVIEW-049","도급·건설","안전보건총괄책임자·협의체","전 업종 공통 검토 후보","도급·혼재작업","50~99명 · 100~299명 · 300~499명 · 500명 이상","관계수급인 합산 여부·업종·공사금액과 협의체 대체 요건 확인.","총괄책임자 선임 대상과 기존 관리책임자를 구분했는가?
협의체 구성·회의·업무 수행 증빙이 있는가?","선임·구성 자료
회의·업무 기록","법 제62조·건설업 협의체 관련 조항 조사","https://www.law.go.kr/법령/산업안전보건법
https://www.law.go.kr/법령/산업안전보건법시행령","https://law.go.kr/LSW/lsInfoP.do?ancYnChk=0&lsId=001766
https://www.law.go.kr/LSW/lsInfoP.do?lsiSeq=288347&efYd=20260801","산업안전보건법: 발췌 확인 · 교육·위험성평가·안전보건조치·고객응대 관련 검색 발췌 확인. 조문 전체·부칙·적용 예외 대조는 미완료.
산업안전보건법 시행령: 서지 확인 · 2026-08-01 시행본 서지 확인. 선임·교육 적용 제외·별표 전체는 본문 대조 대기.","산업안전보건법: 2026-09-15
산업안전보건법 시행령: 2026-09-15","적용 여부·전문 검토 대기","","",""
"2026-09-15.1","검토 후보 목록입니다. 법적 의무 전체 목록이나 사업장별 적용 판정이 아닙니다. 인원 선택만으로 항목을 제외하지 않습니다.","전체 목록","REVIEW-050","도급·건설","건설 안전관리계획·대장·유해위험방지계획","건설·철거·설치","도급·혼재작업 · 고소·추락","인원만으로 제외하지 않음","공사금액·공종·규모·시설·발주 역할별로 서로 다른 계획·대장 대상을 조사.","법령별 문서의 작성 주체·제출·검토 대상을 구분했는가?
설계·착공·공법 변경 시 재검토 조건을 확인했는가?","공사 기본정보
대상 검토표·제출/검토 기록","산안법과 건설기술진흥법의 계획·대장 별도 조사. 일반 계획 초안과 구분.","https://www.law.go.kr/법령/산업안전보건법
https://www.law.go.kr/법령/건설기술진흥법","https://law.go.kr/LSW/lsInfoP.do?ancYnChk=0&lsId=001766
미확인","산업안전보건법: 발췌 확인 · 교육·위험성평가·안전보건조치·고객응대 관련 검색 발췌 확인. 조문 전체·부칙·적용 예외 대조는 미완료.
건설기술 진흥법: 조사 경로 · 공사별 안전관리계획·점검·관리비의 대상과 주체 원문 조사 대기.","산업안전보건법: 2026-09-15
건설기술 진흥법: 미확인","적용 여부·전문 검토 대기","","",""
"2026-09-15.1","검토 후보 목록입니다. 법적 의무 전체 목록이나 사업장별 적용 판정이 아닙니다. 인원 선택만으로 항목을 제외하지 않습니다.","전체 목록","REVIEW-051","도급·건설","굴착·흙막이·거푸집·해체","건설·철거·설치 · 시설관리·유지보수·청소·경비","고소·추락 · 기계·정비","인원만으로 제외하지 않음","지반·구조·작업 순서·붕괴·매설물·해체 허가/신고 대상 확인.","조사·구조·작업계획·출입 통제를 확인했는가?
변경·이상징후·기상에 따른 중지와 보강 절차를 검토했는가?","사전조사·작업계획
점검·보강·중지 기록","굴착·해체 등 규정과 건축물관리법 절차 매핑 대기","https://www.law.go.kr/법령/산업안전보건기준에관한규칙
https://www.law.go.kr/법령/건축물관리법","https://www.law.go.kr/LSW/lsInfoP.do?lsiSeq=273603&efYd=20260302
미확인","산업안전보건기준에 관한 규칙: 서지 확인 · 2026-03-02 시행본 서지 확인. 작업별 질문은 조사 제안이며 개별 조문·기술 수치 매핑 대기.
건축물관리법: 조사 경로 · 건축물 점검·해체 관련 범위와 시설물안전법 중복·제외 원문 조사 대기.","산업안전보건기준에 관한 규칙: 2026-09-15
건축물관리법: 미확인","적용 여부·전문 검토 대기","","",""
"2026-09-15.1","검토 후보 목록입니다. 법적 의무 전체 목록이나 사업장별 적용 판정이 아닙니다. 인원 선택만으로 항목을 제외하지 않습니다.","전체 목록","REVIEW-052","도급·건설","건설 안전보건관리비·기술지도","건설·철거·설치","도급·혼재작업","인원만으로 제외하지 않음","공사종류·금액·기간·도급구조·제외 조건별 조사.","산안법 관리비와 다른 법령의 안전관리비를 구분했는가?
계상·사용·기술지도 대상과 계약·이행자료를 확인했는가?","공사·비용 산정자료
사용 증빙·지도 기록","관련 조항·고시 조사 대기. 요율·금액 기준 미확정.","https://www.law.go.kr/법령/산업안전보건법
https://www.law.go.kr/법령/건설기술진흥법","https://law.go.kr/LSW/lsInfoP.do?ancYnChk=0&lsId=001766
미확인","산업안전보건법: 발췌 확인 · 교육·위험성평가·안전보건조치·고객응대 관련 검색 발췌 확인. 조문 전체·부칙·적용 예외 대조는 미완료.
건설기술 진흥법: 조사 경로 · 공사별 안전관리계획·점검·관리비의 대상과 주체 원문 조사 대기.","산업안전보건법: 2026-09-15
건설기술 진흥법: 미확인","적용 여부·전문 검토 대기","","",""
"2026-09-15.1","검토 후보 목록입니다. 법적 의무 전체 목록이나 사업장별 적용 판정이 아닙니다. 인원 선택만으로 항목을 제외하지 않습니다.","전체 목록","REVIEW-053","시설·인허가","소방안전관리자·소방계획","전 업종 공통 검토 후보","화기·가스 · 이용자·공중시설","인원만으로 제외하지 않음","소방대상물 용도·등급·규모·관계인·위탁·보조자 조건 확인.","선임·자격·신고·업무대행 조건을 확인했는가?
시설과 이용자에 맞는 계획·업무 수행 기록이 있는가?","대상물·선임 자료
소방계획·업무 기록","선임·계획·업무 조항과 하위 규정 조사","https://www.law.go.kr/법령/화재의예방및안전관리에관한법률","https://www.law.go.kr/LSW/lsInfoP.do?chrClsCd=010202&lsId=014189&lsiSeq=253511&urlMode=lsInfoP","화재의 예방 및 안전관리에 관한 법률: 발췌 확인 · 법령명·안전관리 관련 발췌 확인. 대상물 등급·선임·교육·훈련의 현행 조건 대조 대기.","화재의 예방 및 안전관리에 관한 법률: 2026-09-15","적용 여부·전문 검토 대기","","",""
"2026-09-15.1","검토 후보 목록입니다. 법적 의무 전체 목록이나 사업장별 적용 판정이 아닙니다. 인원 선택만으로 항목을 제외하지 않습니다.","전체 목록","REVIEW-054","시설·인허가","소방시설 자체점검·보수·보고","전 업종 공통 검토 후보","화기·가스 · 이용자·공중시설","인원만으로 제외하지 않음","설비 종류·대상물 규모·점검 종류·시점·자격 확인.","작동·종합 등 대상 점검을 구분했는가?
불량 조치·결과 보고·제출 증거를 연결했는가?","설비·점검 결과
보수·보고·접수 자료","조사 대기. 점검 종류·주기·기한 미확정.","https://www.law.go.kr/법령/소방시설설치및관리에관한법률","미확인","소방시설 설치 및 관리에 관한 법률: 조사 경로 · 자체점검·결과보고·보완 관련 원문 조사 대기.","소방시설 설치 및 관리에 관한 법률: 미확인","적용 여부·전문 검토 대기","","",""
"2026-09-15.1","검토 후보 목록입니다. 법적 의무 전체 목록이나 사업장별 적용 판정이 아닙니다. 인원 선택만으로 항목을 제외하지 않습니다.","전체 목록","REVIEW-055","시설·인허가","전기안전관리자·검사·교육","전 업종 공통 검토 후보","전기","인원만으로 제외하지 않음","전기사업/자가용/일반용 설비·소유/점유·용량·휴지·위탁 여부 확인.","선임·대행·교육 대상과 자격을 확인했는가?
사용 전·정기 등 검사 종류와 결함 조치를 구분했는가?","설비·선임·교육자료
검사·보수 기록","전기안전관리법 검사·선임 및 하위 규정 조사","https://www.law.go.kr/법령/전기안전관리법","https://www.law.go.kr/LSW/lsInfoP.do?lsiSeq=272917","전기안전관리법: 발췌 확인 · 제22조 선임과 검사 관련 발췌 확인. 설비 분류·용량·예외·교육·주기의 현행 원문 대조 대기.","전기안전관리법: 2026-09-15","적용 여부·전문 검토 대기","","",""
"2026-09-15.1","검토 후보 목록입니다. 법적 의무 전체 목록이나 사업장별 적용 판정이 아닙니다. 인원 선택만으로 항목을 제외하지 않습니다.","전체 목록","REVIEW-056","시설·인허가","승강기 관리자·교육·자체점검·검사","전 업종 공통 검토 후보","이용자·공중시설 · 기계·정비","인원만으로 제외하지 않음","승강기 종류·관리주체·설치·변경·운행 상태 확인.","관리자 선임·통보·교육·자체점검을 구분했는가?
법정 검사·결함·운행중지·사고 대응을 확인했는가?","승강기·선임·교육자료
점검·검사·보수 기록","제29조·제31~32조 등 현행 대조 대기. 주기·기한 미확정.","https://www.law.go.kr/법령/승강기안전관리법","https://law.go.kr/LSW/lsInfoP.do?lsiSeq=259475&viewCls=lsRvsDocInfoR","승강기 안전관리법: 발췌 확인 · 선임·자체점검·안전검사 조사 위치 확인. 검색에 구 시행본도 포함되어 통보 기한·교육·점검 주기는 확정하지 않음.","승강기 안전관리법: 2026-09-15","적용 여부·전문 검토 대기","","",""
"2026-09-15.1","검토 후보 목록입니다. 법적 의무 전체 목록이나 사업장별 적용 판정이 아닙니다. 인원 선택만으로 항목을 제외하지 않습니다.","전체 목록","REVIEW-057","시설·인허가","시설물·건축물 점검·진단·보수","시설관리·유지보수·청소·경비 · 공공행정·공공서비스 · 교육·연구 · 보건·돌봄·사회복지 · 문화·체육·여가 · 숙박·목욕 · 운수·창고·배달","이용자·공중시설","인원만으로 제외하지 않음","법정 시설 종류·지정 여부·규모·안전등급·관리주체 확인.","시설물안전법·건축물관리법의 대상·중복·제외를 구분했는가?
점검·진단·보수·보고 및 경과조치를 연결했는가?","시설물 관리대장
점검·진단·보수 자료","시설별 대상·등급·주기·경과조치 조사","https://www.law.go.kr/법령/시설물의안전및유지관리에관한특별법
https://www.law.go.kr/법령/건축물관리법","https://www.law.go.kr/LSW/lsInfoP.do?lsiSeq=279977
미확인","시설물의 안전 및 유지관리에 관한 특별법: 발췌 확인 · 시행령의 시설 분류·점검·보수 경과조치 발췌 확인. 개별 시설 지정·등급·현행 주기 대조 대기.
건축물관리법: 조사 경로 · 건축물 점검·해체 관련 범위와 시설물안전법 중복·제외 원문 조사 대기.","시설물의 안전 및 유지관리에 관한 특별법: 2026-09-15
건축물관리법: 미확인","적용 여부·전문 검토 대기","","",""
"2026-09-15.1","검토 후보 목록입니다. 법적 의무 전체 목록이나 사업장별 적용 판정이 아닙니다. 인원 선택만으로 항목을 제외하지 않습니다.","전체 목록","REVIEW-058","시설·인허가","기계설비 유지관리·성능점검","시설관리·유지보수·청소·경비 · 숙박·목욕 · 보건·돌봄·사회복지 · 교육·연구 · 공공행정·공공서비스 · 제조·가공","기계·정비","인원만으로 제외하지 않음","건축물 용도·규모·기계설비·관리주체·적용 시점 확인.","유지관리자·교육·점검 대상과 위탁 조건을 확인했는가?
점검 결과·보수·관리대장에 근거가 있는가?","건축물·설비 목록
선임·교육·점검 기록","조사 대기. 면적·세대·주기·등급 기준 미확정.","https://www.law.go.kr/법령/기계설비법","미확인","기계설비법: 조사 경로 · 건축물 규모·기계설비·유지관리자·성능점검·교육 원문 조사 대기.","기계설비법: 미확인","적용 여부·전문 검토 대기","","",""
"2026-09-15.1","검토 후보 목록입니다. 법적 의무 전체 목록이나 사업장별 적용 판정이 아닙니다. 인원 선택만으로 항목을 제외하지 않습니다.","전체 목록","REVIEW-059","시설·인허가","가스·압력·보일러 안전관리","음식점·급식 · 시설관리·유지보수·청소·경비 · 제조·가공 · 숙박·목욕 · 전기·가스·열 공급 · 수리·세탁·개인서비스","화기·가스","인원만으로 제외하지 않음","고압가스·LPG·도시가스·검사대상기기 등 해당 제도를 분리.","가스 종류·압력·용량·공급/사용·소유관계를 확인했는가?
선임·교육·검사·누출·차단·보수 기록을 검토했는가?","설비·허가·신고 자료
교육·검사·보수 기록","조사 대기. 가스별 법령·에너지이용 합리화법 등 추가 연결 필요.","https://www.law.go.kr/법령/고압가스안전관리법","미확인","가스 3법 조사 출발점: 조사 경로 · 고압가스·액화석유가스·도시가스를 분리하여 조사. 종류·압력·용량·설치 형태 미확인.","가스 3법 조사 출발점: 미확인","적용 여부·전문 검토 대기","","",""
"2026-09-15.1","검토 후보 목록입니다. 법적 의무 전체 목록이나 사업장별 적용 판정이 아닙니다. 인원 선택만으로 항목을 제외하지 않습니다.","전체 목록","REVIEW-060","시설·인허가","위험물 시설·선임·예방규정","제조·가공 · 전기·가스·열 공급 · 운수·창고·배달 · 도소매·편의점 · 수리·세탁·개인서비스","화학물질 · 화기·가스","인원만으로 제외하지 않음","위험물 종류·최대 수량·시설·취급 방식·지정수량 배수 확인.","허가·저장·취급 기준과 관리자·교육 대상을 확인했는가?
예방규정·점검·변경 신고의 적용 조건을 검토했는가?","물질·수량·시설 자료
허가·선임·교육·점검 기록","조사 대기. 지정수량·배수·주기 미확정.","https://www.law.go.kr/법령/위험물안전관리법","미확인","위험물안전관리법: 조사 경로 · 위험물 종류·지정수량 배수·시설·예방규정·선임·교육 원문 조사 대기.","위험물안전관리법: 미확인","적용 여부·전문 검토 대기","","",""
"2026-09-15.1","검토 후보 목록입니다. 법적 의무 전체 목록이나 사업장별 적용 판정이 아닙니다. 인원 선택만으로 항목을 제외하지 않습니다.","전체 목록","REVIEW-061","시설·인허가","유해화학물질 시설·관리자·교육","제조·가공 · 수도·하수·폐기물·재생 · 전기·가스·열 공급 · 운수·창고·배달 · 교육·연구 · 수리·세탁·개인서비스","화학물질","인원만으로 제외하지 않음","물질 분류·취급량·영업 구분·시설·개정 경과조치 확인.","영업·시설검사·예방관리계획 대상을 각각 확인했는가?
관리자·취급자 교육과 사고 대응 자료가 있는가?","물질·취급·시설 목록
허가·검사·교육·계획 자료","화학물질관리법과 하위 규정 조사. MSDS 교육과 별도.","https://www.law.go.kr/법령/화학물질관리법","https://www.law.go.kr/lsInfoP.do?lsiSeq=279031","화학물질관리법: 발췌 확인 · 시행규칙의 취급시설·예방관리계획 관련 발췌 확인. 물질 분류 개정·수량·취급 구분·교육 조건 대조 대기.","화학물질관리법: 2026-09-15","적용 여부·전문 검토 대기","","",""
"2026-09-15.1","검토 후보 목록입니다. 법적 의무 전체 목록이나 사업장별 적용 판정이 아닙니다. 인원 선택만으로 항목을 제외하지 않습니다.","전체 목록","REVIEW-062","시설·인허가","연구실 점검·진단·관리체계","교육·연구 · 제조·가공 · 사무·IT·금융·전문서비스 · 보건·돌봄·사회복지","화학물질 · 감염·생물요인","인원만으로 제외하지 않음","연구실안전법 적용 기관·연구실·활동·유해인자 확인.","책임자·관리조직·점검·진단 대상과 제외를 확인했는가?
실험 전 위험·장비·시약·폐기·사고 대비를 확인했는가?","연구실·관리조직 자료
점검·진단·개선 기록","연구실안전법 적용·조직·점검 조항 매핑 대기","https://www.law.go.kr/법령/연구실안전환경조성에관한법률","https://www.law.go.kr/LSW/lsInfoP.do?efYd=20260520&lsiSeq=283355&urlMode=lsInfoP","연구실 안전환경 조성에 관한 법률: 발췌 확인 · 적용 기관 정의 관련 발췌 확인. 연구실별 점검·교육·조직·예외 대조 대기.","연구실 안전환경 조성에 관한 법률: 2026-09-15","적용 여부·전문 검토 대기","","",""
"2026-09-15.1","검토 후보 목록입니다. 법적 의무 전체 목록이나 사업장별 적용 판정이 아닙니다. 인원 선택만으로 항목을 제외하지 않습니다.","전체 목록","REVIEW-063","시설·인허가","영업시설 위생·피난·이용자 안전","음식점·급식 · 도소매·편의점 · 숙박·목욕 · 수리·세탁·개인서비스 · 문화·체육·여가","이용자·공중시설","0명","영업종류·신고/허가·면적·층·이용자·법정 시설 분류 확인.","식품·공중위생·다중이용업소의 별도 관리 항목을 확인했는가?
안전시설·보험·교육·검사와 종사자 안전을 구분했는가?","영업·시설 정보
시설·교육·보험 확인자료","적용별 추가 세분화 대기. 법정 영업 체크리스트 확정본 아님.","https://www.law.go.kr/법령/식품위생법
https://www.law.go.kr/법령/공중위생관리법
https://www.law.go.kr/법령/다중이용업소의안전관리에관한특별법","https://law.go.kr/LSW/lsLawLinkInfo.do?chrClsCd=010202&lsJoLnkSeq=1017622531
미확인
https://www.law.go.kr/법령/다중이용업소의안전관리에관한특별법","식품위생법: 발췌 확인 · 제41조 교육 관련 발췌 확인. 영업종류·교육 대상·건강진단·주기의 현행 원문 대조 대기.
공중위생관리법: 조사 경로 · 숙박·목욕·세탁·미용 등 영업별 위생관리·교육 조사 대기.
다중이용업소의 안전관리에 관한 특별법: 발췌 확인 · 목적·안전시설·보험 관련 검색 발췌 확인. 면적·층·영업 형태·교육 대상과 현행 조문 매핑 대기.","식품위생법: 2026-09-15
공중위생관리법: 미확인
다중이용업소의 안전관리에 관한 특별법: 2026-09-15","적용 여부·전문 검토 대기","","",""
"2026-09-15.1","검토 후보 목록입니다. 법적 의무 전체 목록이나 사업장별 적용 판정이 아닙니다. 인원 선택만으로 항목을 제외하지 않습니다.","전체 목록","REVIEW-064","시설·인허가","중대시민재해·공중이용시설 범위","전 업종 공통 검토 후보","이용자·공중시설","0명 · 1~4명","원료·제조물·공중이용시설·공중교통수단·소유/운영/관리 책임 확인.","중대산업재해와 다른 대상 정의·예외를 확인했는가?
시설·제품별 인력·점검·개선·대응 의무를 조사했는가?","시설·제품·책임 관계표
점검·안전관리 자료","제3장 및 시행령 별도 조사 대기. 5명 미만 조건을 일괄 적용하지 않음.","https://www.law.go.kr/법령/중대재해처벌등에관한법률","https://moel.go.kr/news/enews/explain/enewsView.do?news_seq=16128","중대재해 처벌 등에 관한 법률: 발췌 확인 · 고용노동부의 5~50명 미만 확대 적용 설명 확인. 법령별 산정·책임·중대시민재해와 시행령 대조 대기.","중대재해 처벌 등에 관한 법률: 2026-09-15","적용 여부·전문 검토 대기","","",""
"2026-09-15.1","검토 후보 목록입니다. 법적 의무 전체 목록이나 사업장별 적용 판정이 아닙니다. 인원 선택만으로 항목을 제외하지 않습니다.","전체 목록","REVIEW-065","시설·인허가","광산·선박 등 별도 안전체계","광업·채석 · 농업·임업·어업 · 운수·창고·배달 · 기타·복합·분류 미정","","인원만으로 제외하지 않음","광산·선박·선원 등 특별한 적용관계와 주무 기관 확인.","일반 산안법과 별도 법령의 적용관계를 확인했는가?
직무·작업·검사·교육의 별도 조사 담당을 정했는가?","시설·선박·업무 정보
적용범위 검토 기록","범위 조사 대기. 업종별 의무 조사 미완료.","https://www.law.go.kr/법령/광산안전법
https://www.law.go.kr/법령/선원법
https://www.law.go.kr/법령/산업안전보건법시행령","미확인
미확인
https://www.law.go.kr/LSW/lsInfoP.do?lsiSeq=288347&efYd=20260801","광산안전법: 조사 경로 · 광산의 정의·관리체계·검사·교육과 산안법 관계 조사 대기.
선원법: 조사 경로 · 선박 종류·승무관계·선내안전과 산안법 관계 조사 대기.
산업안전보건법 시행령: 서지 확인 · 2026-08-01 시행본 서지 확인. 선임·교육 적용 제외·별표 전체는 본문 대조 대기.","광산안전법: 미확인
선원법: 미확인
산업안전보건법 시행령: 2026-09-15","적용 여부·전문 검토 대기","","",""
"2026-09-15.1","검토 후보 목록입니다. 법적 의무 전체 목록이나 사업장별 적용 판정이 아닙니다. 인원 선택만으로 항목을 제외하지 않습니다.","전체 목록","REVIEW-066","시설·인허가","공연·체육·복지·공공 현업 추가 범위","문화·체육·여가 · 보건·돌봄·사회복지 · 교육·연구 · 공공행정·공공서비스 · 기타·복합·분류 미정","이용자·공중시설","인원만으로 제외하지 않음","시설 종류·인허가·이용자·현업 직종별 별도 법령 연결 필요.","공연장·체육시설·사회복지시설·학교 등의 대상 법령을 특정했는가?
근로자 안전과 관객·환자·학생 안전의 책임을 구분했는가?","시설·인허가·직종 정보
추가 조사 목록","관련 개별 법령·공공 현업 고시 원문 조사 대기. 포괄 대응 아님.","https://www.law.go.kr/법령/산업안전보건법시행령
https://www.law.go.kr/법령/중대재해처벌등에관한법률","https://www.law.go.kr/LSW/lsInfoP.do?lsiSeq=288347&efYd=20260801
https://moel.go.kr/news/enews/explain/enewsView.do?news_seq=16128","산업안전보건법 시행령: 서지 확인 · 2026-08-01 시행본 서지 확인. 선임·교육 적용 제외·별표 전체는 본문 대조 대기.
중대재해 처벌 등에 관한 법률: 발췌 확인 · 고용노동부의 5~50명 미만 확대 적용 설명 확인. 법령별 산정·책임·중대시민재해와 시행령 대조 대기.","산업안전보건법 시행령: 2026-09-15
중대재해 처벌 등에 관한 법률: 2026-09-15","적용 여부·전문 검토 대기","","",""
"2026-09-15.1","검토 후보 목록입니다. 법적 의무 전체 목록이나 사업장별 적용 판정이 아닙니다. 인원 선택만으로 항목을 제외하지 않습니다.","전체 목록","REVIEW-067","사고·기록","사고 초기대응·작업중지·대피","전 업종 공통 검토 후보","","인원만으로 제외하지 않음","급박한 위험·현장 위치·구조 접근·2차 피해를 확인.","즉시 연락·대피·작업중지와 현장 지휘 절차가 있는가?
사고별 세부 대응은 검토된 매뉴얼과 교육에 연결되는가?","비상 연락·대피 계획
훈련·대응 기록","작업중지·중대재해 조치 조항 조사. 공개 긴급 연락은 별도 상시 제공.","https://www.law.go.kr/법령/산업안전보건법
https://www.law.go.kr/법령/중대재해처벌등에관한법률","https://law.go.kr/LSW/lsInfoP.do?ancYnChk=0&lsId=001766
https://moel.go.kr/news/enews/explain/enewsView.do?news_seq=16128","산업안전보건법: 발췌 확인 · 교육·위험성평가·안전보건조치·고객응대 관련 검색 발췌 확인. 조문 전체·부칙·적용 예외 대조는 미완료.
중대재해 처벌 등에 관한 법률: 발췌 확인 · 고용노동부의 5~50명 미만 확대 적용 설명 확인. 법령별 산정·책임·중대시민재해와 시행령 대조 대기.","산업안전보건법: 2026-09-15
중대재해 처벌 등에 관한 법률: 2026-09-15","적용 여부·전문 검토 대기","","",""
"2026-09-15.1","검토 후보 목록입니다. 법적 의무 전체 목록이나 사업장별 적용 판정이 아닙니다. 인원 선택만으로 항목을 제외하지 않습니다.","전체 목록","REVIEW-068","사고·기록","산업재해 보고·조사·재발방지","전 업종 공통 검토 후보","","인원만으로 제외하지 않음","발생·인지 시각·피해·고용관계·실제 장소·법령별 보고 요건 확인.","산안법 보고·중대재해 보고와 다른 기관 절차를 구분했는가?
제출본·접수증·조사·재발방지 이력을 별도로 남겼는가?","확인된 사고 사실 기록
법령별 제출·접수·개선 자료","법 제54조·제57조 및 시행규칙 조사. 보고 기한·서식 미확정.","https://www.law.go.kr/법령/산업안전보건법
https://www.law.go.kr/법령/산업안전보건법시행규칙
https://www.law.go.kr/법령/중대재해처벌등에관한법률","https://law.go.kr/LSW/lsInfoP.do?ancYnChk=0&lsId=001766
https://www.law.go.kr/LSW/lsInfoP.do?lsiSeq=288431&efYd=20260801
https://moel.go.kr/news/enews/explain/enewsView.do?news_seq=16128","산업안전보건법: 발췌 확인 · 교육·위험성평가·안전보건조치·고객응대 관련 검색 발췌 확인. 조문 전체·부칙·적용 예외 대조는 미완료.
산업안전보건법 시행규칙: 서지 확인 · 2026-08-01 시행본 서지 확인. 별표 4·5의 현행 교육시간·내용과 예외는 대조 대기.
중대재해 처벌 등에 관한 법률: 발췌 확인 · 고용노동부의 5~50명 미만 확대 적용 설명 확인. 법령별 산정·책임·중대시민재해와 시행령 대조 대기.","산업안전보건법: 2026-09-15
산업안전보건법 시행규칙: 2026-09-15
중대재해 처벌 등에 관한 법률: 2026-09-15","적용 여부·전문 검토 대기","","",""
"2026-09-15.1","검토 후보 목록입니다. 법적 의무 전체 목록이나 사업장별 적용 판정이 아닙니다. 인원 선택만으로 항목을 제외하지 않습니다.","전체 목록","REVIEW-069","사고·기록","선임·교육·점검 증빙과 보존","전 업종 공통 검토 후보","","인원만으로 제외하지 않음","문서 종류·법적 근거·기산점·개인정보·분쟁 보존을 구분.","원본·정정·새 버전과 실제 수행자를 확인할 수 있는가?
초안·수행·검토·승인·제출·기관 접수가 분리되어 있는가?","문서·버전·행위 이력
자료별 보존 근거표","자료 종류별 보존 조항 조사 대기. 일괄 보존연수 없음.","https://www.law.go.kr/법령/산업안전보건법
https://www.law.go.kr/법령/산업안전보건법시행규칙","https://law.go.kr/LSW/lsInfoP.do?ancYnChk=0&lsId=001766
https://www.law.go.kr/LSW/lsInfoP.do?lsiSeq=288431&efYd=20260801","산업안전보건법: 발췌 확인 · 교육·위험성평가·안전보건조치·고객응대 관련 검색 발췌 확인. 조문 전체·부칙·적용 예외 대조는 미완료.
산업안전보건법 시행규칙: 서지 확인 · 2026-08-01 시행본 서지 확인. 별표 4·5의 현행 교육시간·내용과 예외는 대조 대기.","산업안전보건법: 2026-09-15
산업안전보건법 시행규칙: 2026-09-15","적용 여부·전문 검토 대기","","",""
"2026-09-15.1","검토 후보 목록입니다. 법적 의무 전체 목록이나 사업장별 적용 판정이 아닙니다. 인원 선택만으로 항목을 제외하지 않습니다.","전체 목록","REVIEW-070","사고·기록","반복 점검·교육과 미완료 후속조치","전 업종 공통 검토 후보","","인원만으로 제외하지 않음","법정 주기·계약 검토 주기·자체 관리 주기를 구분.","다음 회차를 새 업무로 만들고 지난 실적을 자동 승계하지 않는가?
미확인·미조치·검토대기 항목의 담당과 다음 행동이 있는가?","일정·회차별 수행 기록
보완·재검토 이력","주기별 원문 검토 대기. 자체 관리 절차 제안.","https://www.law.go.kr/법령/산업안전보건법시행규칙
https://www.law.go.kr/행정규칙/사업장위험성평가에관한지침","https://www.law.go.kr/LSW/lsInfoP.do?lsiSeq=288431&efYd=20260801
https://www.law.go.kr/LSW/admRulInfoP.do?admRulSeq=2100000251014&chrClsCd=010202&lsId=2052906","산업안전보건법 시행규칙: 서지 확인 · 2026-08-01 시행본 서지 확인. 별표 4·5의 현행 교육시간·내용과 예외는 대조 대기.
사업장 위험성평가에 관한 지침: 발췌 확인 · 평가 방법·기록 관련 발췌 확인. 현행 시행본·최초/정기/수시/상시평가 조건 대조 대기.","산업안전보건법 시행규칙: 2026-09-15
사업장 위험성평가에 관한 지침: 2026-09-15","적용 여부·전문 검토 대기","","",""
"2026-09-15.1","검토 후보 목록입니다. 법적 의무 전체 목록이나 사업장별 적용 판정이 아닙니다. 인원 선택만으로 항목을 제외하지 않습니다.","전체 목록","REVIEW-071","기본·관리체계","공정안전보고서·변경·자체감사","제조·가공 · 전기·가스·열 공급 · 수도·하수·폐기물·재생","화학물질 · 화기·가스","인원만으로 제외하지 않음","업종·유해위험물질 종류·규정량·설비·적용 예외를 확인.","대상 공정·제출·심사·확인 조건을 검토했는가?
변경관리·교육·자체감사·비상조치의 실제 이력이 있는가?","물질·수량·공정 자료
보고서·심사·이행 기록","공정안전보고서 관련 조문·하위 규정 조사 대기. 규정량 미확정.","https://www.law.go.kr/법령/산업안전보건법
https://www.law.go.kr/법령/산업안전보건법시행령","https://law.go.kr/LSW/lsInfoP.do?ancYnChk=0&lsId=001766
https://www.law.go.kr/LSW/lsInfoP.do?lsiSeq=288347&efYd=20260801","산업안전보건법: 발췌 확인 · 교육·위험성평가·안전보건조치·고객응대 관련 검색 발췌 확인. 조문 전체·부칙·적용 예외 대조는 미완료.
산업안전보건법 시행령: 서지 확인 · 2026-08-01 시행본 서지 확인. 선임·교육 적용 제외·별표 전체는 본문 대조 대기.","산업안전보건법: 2026-09-15
산업안전보건법 시행령: 2026-09-15","적용 여부·전문 검토 대기","","",""
"2026-09-15.1","검토 후보 목록입니다. 법적 의무 전체 목록이나 사업장별 적용 판정이 아닙니다. 인원 선택만으로 항목을 제외하지 않습니다.","전체 목록","REVIEW-072","작업·점검","석면조사·해체·제거","건설·철거·설치 · 시설관리·유지보수·청소·경비 · 제조·가공 · 공공행정·공공서비스 · 교육·연구","화학물질","인원만으로 제외하지 않음","철거·해체·보수 대상의 건축물·설비·자재·규모 확인.","사전 조사와 기관 조사·해체제거 업체 대상 여부를 구분했는가?
노출 방지·작업자 교육·신고·측정·처리 절차를 검토했는가?","조사 결과·작업계획
작업·신고·측정 자료","석면 관련 조항 및 석면안전관리법·폐기물 관련 법령 추가 조사 대기","https://www.law.go.kr/법령/산업안전보건법
https://www.law.go.kr/법령/산업안전보건기준에관한규칙","https://law.go.kr/LSW/lsInfoP.do?ancYnChk=0&lsId=001766
https://www.law.go.kr/LSW/lsInfoP.do?lsiSeq=273603&efYd=20260302","산업안전보건법: 발췌 확인 · 교육·위험성평가·안전보건조치·고객응대 관련 검색 발췌 확인. 조문 전체·부칙·적용 예외 대조는 미완료.
산업안전보건기준에 관한 규칙: 서지 확인 · 2026-03-02 시행본 서지 확인. 작업별 질문은 조사 제안이며 개별 조문·기술 수치 매핑 대기.","산업안전보건법: 2026-09-15
산업안전보건기준에 관한 규칙: 2026-09-15","적용 여부·전문 검토 대기","","",""
"2026-09-15.1","검토 후보 목록입니다. 법적 의무 전체 목록이나 사업장별 적용 판정이 아닙니다. 인원 선택만으로 항목을 제외하지 않습니다.","전체 목록","REVIEW-073","교육·훈련","유해·위험작업 자격·취업 제한","전 업종 공통 검토 후보","기계·정비 · 차량·하역 · 전기 · 고소·추락","인원만으로 제외하지 않음","작업 종류·장비 규격·자격·경험·기능습득 과정 등의 조건 확인.","교육 이수와 해당 작업의 자격·면허 요건을 구분했는가?
작업자별 허용 업무·유효기간·증빙을 확인했는가?","작업·자격 대조표
면허·교육·배치 자료","유해·위험작업의 취업 제한에 관한 규칙 및 개별 장비법 조사 대기","https://www.law.go.kr/법령/산업안전보건법
https://www.law.go.kr/법령/산업안전보건법시행령","https://law.go.kr/LSW/lsInfoP.do?ancYnChk=0&lsId=001766
https://www.law.go.kr/LSW/lsInfoP.do?lsiSeq=288347&efYd=20260801","산업안전보건법: 발췌 확인 · 교육·위험성평가·안전보건조치·고객응대 관련 검색 발췌 확인. 조문 전체·부칙·적용 예외 대조는 미완료.
산업안전보건법 시행령: 서지 확인 · 2026-08-01 시행본 서지 확인. 선임·교육 적용 제외·별표 전체는 본문 대조 대기.","산업안전보건법: 2026-09-15
산업안전보건법 시행령: 2026-09-15","적용 여부·전문 검토 대기","","",""
"2026-09-15.1","검토 후보 목록입니다. 법적 의무 전체 목록이나 사업장별 적용 판정이 아닙니다. 인원 선택만으로 항목을 제외하지 않습니다.","전체 목록","REVIEW-074","교육·훈련","특수형태근로종사자·배달 등 안전교육","운수·창고·배달 · 건설·철거·설치 · 사무·IT·금융·전문서비스 · 도소매·편의점 · 음식점·급식","차량·하역 · 도급·혼재작업","0명","직종·노무제공 관계·산안법상 대상 정의·별도 안전교육 범위 확인.","근로자 교육과 별도 보호·교육 대상을 구분했는가?
노무를 제공받는 자의 역할과 작업 위험 안내를 확인했는가?","계약·직종·역할 자료
교육·안전조치 기록","법 제77~78조 및 하위 규정의 직종·교육 범위 조사","https://www.law.go.kr/법령/산업안전보건법
https://www.law.go.kr/법령/산업안전보건법시행령
https://www.law.go.kr/법령/산업안전보건법시행규칙","https://law.go.kr/LSW/lsInfoP.do?ancYnChk=0&lsId=001766
https://www.law.go.kr/LSW/lsInfoP.do?lsiSeq=288347&efYd=20260801
https://www.law.go.kr/LSW/lsInfoP.do?lsiSeq=288431&efYd=20260801","산업안전보건법: 발췌 확인 · 교육·위험성평가·안전보건조치·고객응대 관련 검색 발췌 확인. 조문 전체·부칙·적용 예외 대조는 미완료.
산업안전보건법 시행령: 서지 확인 · 2026-08-01 시행본 서지 확인. 선임·교육 적용 제외·별표 전체는 본문 대조 대기.
산업안전보건법 시행규칙: 서지 확인 · 2026-08-01 시행본 서지 확인. 별표 4·5의 현행 교육시간·내용과 예외는 대조 대기.","산업안전보건법: 2026-09-15
산업안전보건법 시행령: 2026-09-15
산업안전보건법 시행규칙: 2026-09-15","적용 여부·전문 검토 대기","","",""
"2026-09-15.1","검토 후보 목록입니다. 법적 의무 전체 목록이나 사업장별 적용 판정이 아닙니다. 인원 선택만으로 항목을 제외하지 않습니다.","전체 목록","REVIEW-075","교육·훈련","직장 내 성희롱 예방교육","전 업종 공통 검토 후보","","1~4명 · 5~9명","안전보건교육 외 연관 교육. 사업장 규모·구성·교육 방법 특례 확인.","사업주·근로자 대상과 교육내용·방법을 확인했는가?
실제 교육·자료 열람·신고 및 보호 절차를 확인했는가?","교육 내용·실시 자료
게시·신고 절차","제13조 및 시행령 조사. 소규모 교육방법 특례를 의무 면제로 처리하지 않음.","https://www.law.go.kr/법령/남녀고용평등과일ㆍ가정양립지원에관한법률","https://www.law.go.kr/lsLinkCommonInfo.do?lsJoLnkSeq=1029335959","남녀고용평등과 일·가정 양립 지원에 관한 법률: 발췌 확인 · 제13조 성희롱 예방 교육 발췌 확인. 규모·구성별 방법·특례·현행 조건 대조 대기.","남녀고용평등과 일·가정 양립 지원에 관한 법률: 2026-09-15","적용 여부·전문 검토 대기","","",""
"2026-09-15.1","검토 후보 목록입니다. 법적 의무 전체 목록이나 사업장별 적용 판정이 아닙니다. 인원 선택만으로 항목을 제외하지 않습니다.","전체 목록","REVIEW-076","교육·훈련","직장 내 장애인 인식개선 교육","전 업종 공통 검토 후보","","1~4명 · 5~9명 · 20~49명 · 50~99명","안전보건교육 외 연관 교육. 대상·규모별 방법·강사 요건을 확인.","근로자 수·사업 특성에 따른 교육 방법을 대조했는가?
다른 법령의 장애 인식개선교육과 대상·인정 범위를 구분했는가?","교육 대상·자료
실시·참석 근거","제5조의2 및 하위 규정 조사. 교육시간·방법 확정 전.","https://www.law.go.kr/법령/장애인고용촉진및직업재활법","https://www.law.go.kr/lsLinkCommonInfo.do?lsJoLnkSeq=1033122843","장애인고용촉진 및 직업재활법: 발췌 확인 · 제5조의2 교육 관련 발췌 확인. 규모별 교육방법·내용·강사 요건·다른 인식개선교육과의 관계 대조 대기.","장애인고용촉진 및 직업재활법: 2026-09-15","적용 여부·전문 검토 대기","","",""
"2026-09-15.1","검토 후보 목록입니다. 법적 의무 전체 목록이나 사업장별 적용 판정이 아닙니다. 인원 선택만으로 항목을 제외하지 않습니다.","전체 목록","REVIEW-077","교육·훈련","퇴직연금 가입자 교육","전 업종 공통 검토 후보","","인원만으로 제외하지 않음","안전보건교육 외 연관 교육. 퇴직연금 도입 여부·제도 유형·가입자를 확인.","퇴직금만 운영하는 경우와 퇴직연금 가입자를 구분했는가?
가입자 교육 내용·방법·위탁 실시 근거를 확인했는가?","제도·가입 대상 정보
교육·위탁 실시 자료","법 제32조 및 시행령 교육 관련 규정의 현행본 대조 대기","https://www.law.go.kr/법령/근로자퇴직급여보장법","https://www.law.go.kr/LSW/lsInfoP.do?lsiSeq=222701","근로자퇴직급여 보장법: 발췌 확인 · 구 시행령의 퇴직연금 가입자 교육 방법 발췌 확인. 현행 법·시행령과 제도별 대상·방법은 대조 대기.","근로자퇴직급여 보장법: 2026-09-15","적용 여부·전문 검토 대기","","",""
"2026-09-15.1","검토 후보 목록입니다. 법적 의무 전체 목록이나 사업장별 적용 판정이 아닙니다. 인원 선택만으로 항목을 제외하지 않습니다.","전체 목록","REVIEW-078","교육·훈련","개인정보취급자 보호 교육","전 업종 공통 검토 후보","","인원만으로 제외하지 않음","안전보건교육 외 연관 교육. 실제 개인정보취급자·취급 업무·권한을 확인.","취급자·관리책임·자료별 접근권한을 확인했는가?
유출 예방·권한 회수·민감자료 처리 교육을 확인했는가?","취급 업무·권한 목록
교육·점검 기록","제28조 및 안전성 확보조치 관련 규정 조사. 전 직원 일률 시간으로 단정하지 않음.","https://www.law.go.kr/법령/개인정보보호법","https://www.law.go.kr/LSW/lsInfoP.do?efYd=20250313&lsiSeq=248613&urlMode=lsInfoP","개인정보 보호법: 발췌 확인 · 개인정보취급자 교육 관련 발췌 확인. 모든 근로자 대상 일률 교육시간으로 확정하지 않음. 현행 원문 대조 대기.","개인정보 보호법: 2026-09-15","적용 여부·전문 검토 대기","","",""
